,Akaki,Ankober,Ataye,Awadi,Awash Adaitu,Awash Awash,Awash Haledebi,Awash Kunture,Awash Terminal,Awash US_Koka,Awash-Arba US,Borkena,Cheleka_Gewis,Eastern Catchment-01,Kebena,Keleta-Werenso,Kesem,Logiya,Mile,Mojo,Najeso -Gera
;ID,1.0,2.0,3.0,4.0,5.0,6.0,7.0,8.0,9.0,10.0,11.0,12.0,13.0,14.0,15.0,16.0,17.0,18.0,19.0,20.0,21.0
1981_1,0.0066398601250729355,0.07305102680904577,0.77373633660757,0.04741620472828238,0.3020135514127006,3.030655937600803,0.3394392858234393,0.14967353852695947,0.1530772148182612,0.19526516554709533,3.672062937898495,0.5667996292113866,0.400506388435403,5.617520779307977,2.428914396314409,4.9812957499062325,2.5578471871943664,0.8442989522187263,0.5305503957397828,0.1087025011089682,1.3571665115577283
1981_2,7.534842655831232,43.47391539305591,11.782008508336874,37.684488250591514,5.085427784570137,26.849344466797945,22.87476448639295,15.287933587846343,0.5772761361652131,10.934677749929657,23.91166081121061,6.533073141998475,2.5513367900823583,14.588540279192735,28.947869193346115,24.649610931405636,13.153590568525862,5.791116199228271,2.9871201868625006,18.61554858361675,24.73509741377271
1981_3,218.66503142654358,204.2241701811043,187.24731306352396,309.9525629943349,208.60934682912736,143.31706536167778,154.47466461741317,193.014073414198,115.63270528937608,202.62169284513536,144.0553640178974,241.88995509170513,220.12647647426203,205.35796747489195,184.4252791831709,153.13047030134902,181.44610446390703,191.3820870051208,224.99919968670136,198.36583028186794,230.2861135022324
1981_4,105.64374400774744,102.51901219282504,68.54926633120915,182.62371658065257,57.705088958557745,94.48204726615755,113.50189663924333,117.67605227988338,16.202110134695353,90.03756059373403,105.27428230823648,74.84228006080411,77.60291678253817,140.1115963277467,72.97363242976328,121.72394596381328,73.78762440795973,85.37372296087872,106.97073957348731,53.16937926888048,100.75816382247241
1981_5,6.017631244526285,11.526657264584392,20.13140783012848,22.38368078589733,4.2223095560019095,24.60720815472924,14.594643926226832,28.73258610839483,3.247073817459973,18.262392246375295,34.20659342834016,19.3655597492667,16.46001278166443,34.18885163719031,11.391379688428607,25.94868128052674,13.243112503612407,15.404019990208822,17.98100545523315,5.001682229877919,18.726013953341035
1981_6,37.871507383271855,0.35617932819816156,0.011784486208583682,0.3233266119776728,0.18922195955039578,23.556751304336533,1.3988995899274872,67.48497738586947,0.27363521617300185,13.5940000991232,31.649355127719385,0.1549724925543014,0.169974966985825,8.639179529153978,14.405538717730225,24.011747338028336,19.33011484395379,0.3865752144905738,0.14236681245935048,15.754059919020223,0.4982090097099135
1981_7,298.007084900211,172.2671639126498,243.5865006553734,309.7278048284476,110.09205609187971,203.05451727699148,158.04244920276676,291.6465278112462,41.21926296479256,317.7021073831706,222.71724478477375,276.42191645173926,175.3821099911783,103.24892713508014,263.113491510008,193.44705398335373,293.9891746477138,174.48329488760453,219.07674742412644,254.37316046519473,270.98499223151754
1981_8,242.58828114382928,220.9419709761239,260.15200206208505,360.8529371382295,112.2926392672831,210.03849204303478,156.15310866055881,226.73685491188294,30.646216135785604,191.89823003517134,214.4619272661772,336.54421517454864,185.9121567698686,148.28246574436983,252.37160721862486,169.10955220916128,215.56797966839048,136.09612567779504,164.47188212807313,179.45102217481303,269.6842157330764
1981_9,191.00178399110897,125.33721557481232,66.34229092945796,114.56571779748455,39.964319014596825,145.06395633780144,58.02144415349317,195.1100096017811,12.977751256191407,160.80094838310265,151.16277138700391,91.60007700587268,66.75925274588069,112.41231692536418,146.18387986056885,173.05507179198892,156.3773735017947,50.98641719581198,57.7880332431306,167.64463229316056,63.24904264394505
1981_10,8.196697387750724,36.468334946766234,34.51834491789858,49.79635037835167,12.072901009328689,24.45509052385062,17.533422703915033,13.852346229964352,0.9684305141024109,8.259153462078801,36.675746177890254,39.81024848688973,13.284395572779575,10.794349919060808,38.77846143684272,56.46887232549625,25.973103093353938,15.274673922816245,14.058568224671115,4.08237069974239,32.87206702736137
1981_11,0.011488371134321492,2.905555220945519,0.22539938074773408,3.853863558891984,0.4250127023678781,1.56505627490765,2.3067640664612847,0.4772102598305043,0.5379614571616275,0.4061953178308316,1.5340858783684932,0.15606785697436382,0.8395758038146078,3.5498315716363327,1.3354305710651029,7.136721912061516,1.0202341872870615,1.880420163575011,0.5430644452295625,0.07247206582880296,1.2218178560678448
1981_12,0.390751029073466,1.8032540409334281,7.793164150456466,2.4383842078714335,1.0527348484916965,0.26210961287074147,1.0760238448268526,1.9196756556034122,0.3242720933443973,0.1648835935844395,1.327544714182579,14.005880299769913,13.210446671952072,0.6407119047504982,2.540063451520043,2.73867424935693,0.6894171127044495,13.05262492148756,15.488438971280866,0.0,5.415488080657435
1982_1,19.428639327882447,23.374839664104663,79.49943602669534,40.075387146517095,57.36320906111563,14.202678375604306,21.57385561824639,29.961759897771945,2.2506580457320506,14.506650540494157,21.35158365780105,120.80384992513012,95.63006299653046,22.423704730279944,23.207193286543788,26.83117518516893,16.252235625291515,22.496730649629214,37.77920297051933,17.17836174597873,51.272210131426945
1982_2,73.5689556851792,102.09018358996738,75.96507442635762,111.4869398440461,32.66810065033723,49.15812142750224,82.96443945691003,52.40201319508227,15.810679817727388,54.16568236798359,47.162273731546414,40.30425434132993,47.85927515555925,40.57743711249861,87.06873364007375,31.780634245039955,55.87760017917088,58.175985767863416,61.89808295077366,67.25786137121183,90.63980099610946
1982_3,49.84590104760106,160.0439819541766,58.75131693061893,143.67982033476048,92.84799198099927,71.34628239922765,114.79688811991635,50.5664309421489,35.06860178378131,53.2382191299665,105.66641030591599,82.6822084954467,98.00471509861616,102.56408413435597,116.08374846945155,52.01628524519178,76.69132839803943,58.44607288604856,71.98852525630032,29.81338640464508,86.52139793803427
1982_4,63.465264509524296,149.00859272464564,43.37840624926814,182.88722976239885,36.157924802006235,53.97043564461904,96.12376830466803,64.62333026853096,31.953452601204702,43.17964218374755,33.25702059895328,74.61683377518405,94.02688858006935,90.10367404147935,135.5571444621268,61.906520365663305,42.64454057238302,53.03787511657945,80.7010403283681,26.667613395331088,101.48281061569325
1982_5,78.59578569459649,119.90569920860528,68.0897850283435,122.15513919296244,47.936478851065466,108.86157579690902,47.34484384101177,68.49206704858291,10.612525843909378,103.03783882310458,115.61252982615304,64.91945355817101,95.69823982289007,84.19135202879087,109.03928682725726,109.46944012964174,69.41627929197824,57.380620188676986,70.37645764566224,71.00134887834217,42.20504590378849
1982_6,54.166838579402416,0.8810030957378349,0.04086309352107959,0.2396932018272166,0.7145735520593172,81.02593346729708,0.6140489937864309,81.82235764895536,0.5963467347604905,45.824670394818995,84.20691160670991,0.2919007006671022,0.6184701699815943,27.355017094271048,36.14970193682192,66.10202576255581,71.23434449384396,1.0811421115414948,0.18107256417459183,34.03361363340843,0.2856243693249693
1982_7,206.07381099640895,34.054248809616595,70.2198868764104,81.03727424469042,27.758108897651983,132.45148884202817,36.045340375445164,218.96540082443803,13.545513581488922,110.08123954755821,157.07942130240698,91.39940001936279,57.99166385916044,41.34820719253677,132.42213797248434,149.21019494053814,157.92459040401428,35.92015201039687,51.27270477707515,124.98391219639048,76.47344134594043
1982_8,270.728521689912,238.62942572455808,222.73462179294873,287.66198608595937,145.6278338577152,247.83450437646778,198.52324390863714,256.6016508960978,27.15264847488274,258.6896220228773,195.78213218872781,230.87634906479835,158.73114215656503,124.69119592921713,339.56123559049894,160.76852908495206,319.20280225243937,89.23489585166024,163.22364823432173,286.3434687050144,239.8647327306349
1982_9,113.34359377363526,62.42591845556997,77.15320385655322,102.42406026870984,25.020204516954244,57.60761803896703,33.82904232005877,108.75338256187895,15.50635721534747,66.32092311630103,94.64884710538045,124.06641859624688,111.20196457262017,58.23884832533294,82.64915077283376,87.62541428450334,74.61940778016279,58.94417971601171,92.2183139453171,50.67603548321915,84.52864160241575
1982_10,50.11057047330286,61.76197417665528,103.73777427604425,132.31275806977018,90.874940572625,109.56355015562774,63.43732076504273,59.498895280862556,12.310732221611426,51.2921668891818,129.9994251244023,123.36818159575247,109.72445645733414,72.84875673486782,74.03881896292434,71.09373745853155,76.19138432879893,68.61937529767042,87.99194807963435,57.77680459286402,115.15809067214745
1982_11,21.17729159195361,61.172596699328366,91.05187023194858,160.54068631048207,40.92888848170187,80.56625438750866,81.41166306361359,36.12501646731998,5.639599938687631,21.102066828206034,87.25324442602023,104.5509470129325,80.90098086488058,33.30785333649272,44.554113622517626,75.91698599672624,57.10690318232392,56.014874082538896,74.50524299331421,30.466487698970298,118.04918792959636
1982_12,5.8299640165866045,65.46112367920203,76.23188882940633,71.45338905748501,47.154590025032654,24.876386894960348,36.52158286317649,5.876906415430614,1.4163499468794698,5.683396846431363,40.21498015850295,71.60306751393246,43.053038122703974,8.609658293738121,46.92528554295673,9.16987510520146,11.823963342031726,22.16525333216098,31.037343097710263,2.5245801619321417,64.62013386739167
1983_1,9.687839812793213,49.703221005741575,38.90166833192608,55.55313859556292,40.308293192489025,11.373594313069878,11.990170124317181,17.031663652847023,32.86722034612575,9.86020334895754,28.111360571074027,34.965472683960115,29.328392877774196,11.165456784225082,48.331245343135734,17.313094471986048,8.99935550158912,40.72147883951502,51.23205871418481,3.0832377850642443,36.08250346342348
1983_2,30.94238050880041,80.66172113707466,35.925910304278425,61.87455537305031,32.754643909812884,37.8397320713529,53.0874245178119,47.912341724731284,5.0526251735548575,46.83928024790258,26.130992907280042,41.24585085009593,32.16646209817116,41.56461689560835,53.51683813971888,46.20266655692388,43.065053491512344,24.735678618659367,31.530998581761402,28.40025314545096,31.65646021984389
1983_3,41.24649868396167,70.65003773951263,70.35017337894358,65.66454521882304,42.08236310923242,49.62696097788678,41.89838131399968,53.719283581140836,15.844430165805433,36.608299537052126,70.38348538742133,121.0148829087416,80.14264221404241,27.75100036647185,78.46089269850293,87.52351487288885,59.18466005252523,56.2604587380173,69.95519537100276,62.30160130633054,48.5074686392085
1983_4,112.01803359727982,142.8490805961466,119.9128631436071,183.8354199806752,154.92585426817377,106.00380750236822,113.51218711978598,116.79912067713566,65.34200619374171,131.89912386517003,110.70466535644573,101.24303079484051,86.0817331092022,140.6808463858714,119.35979159439277,129.297704465779,72.64125890560305,102.15787018338507,112.00914168217251,86.06532295111977,112.00318076363324
1983_5,173.7670053465717,134.14067742114898,108.32337357759589,218.97221593826637,64.89572370817551,178.38205036963726,88.40880216755545,149.57656349017617,15.12430103153213,149.1156541576181,200.82070142616334,82.30789544651546,61.68663253515815,97.46180640403658,160.82806545202595,210.77814031261963,151.9642233210227,56.86130498152177,90.78478685071862,141.37194489095057,141.5736715860657
1983_6,69.60979736763254,34.358741273223245,23.412316076517772,25.5147356596779,7.079610794991011,68.30744848275428,14.883443979808073,81.60510520559004,5.63759067915758,131.11606941496697,118.84529271347911,32.121285289873896,9.615894478482431,25.90902577825359,56.103333685353405,80.44887667937552,66.58466669696371,9.50625238994289,10.691831402642261,65.25576670271032,13.479462243899944
1983_7,202.56571938972047,187.63124482976642,164.46130361416783,224.66058463832567,43.327456941702096,214.65805191114893,160.59556100751962,181.55533026809624,26.29281945173044,173.96865949923014,233.23616870413048,147.59894895467812,68.01899894210919,98.062941276373,232.37958548636695,141.07233661955536,217.2004800886908,50.085783823043705,67.48020931581937,154.9684652550589,182.7445491701082
1983_8,285.78415264181797,278.38741116396324,156.40343416346428,311.6420804450318,44.73451281691806,180.8338379313583,125.119759246517,206.1961063102785,30.55520058439736,300.3891940857195,158.326047794806,193.25408486446705,80.81410189153827,125.5254743973047,358.186675698961,143.14443460421649,249.94381671290904,67.09566986930889,97.61105181628166,255.9708964102916,183.5340305707618
1983_9,125.37796138793988,42.91142577069098,32.229989075891645,24.4140615155601,46.86701230799906,106.69400937294185,26.132010010835256,125.56757730250307,8.893193713556515,111.63771070151911,103.5800863666403,44.92097938518289,30.11677741040491,48.84663121554974,90.84300292127944,125.36784736115737,90.47082206601301,41.19114220551064,59.19290877462183,85.67745980135895,23.69823294023241
1983_10,10.264627413954893,38.589269008810916,63.20532868435848,32.94628386799188,15.665665970701614,40.455116939363414,28.518102674034953,17.047610070125927,0.6477059337548481,19.930369630601596,57.596093096896205,48.10484816116521,39.83572631971744,22.896473289599655,31.80616011548877,37.7078387988897,24.614163014965126,21.92705930908632,29.278440142700344,13.131027151256575,48.15512885555059
1983_11,0.0,0.5190134962798617,0.000897268642506093,0.4424952081170066,3.600512405203044,5.655717635913679,0.7609033717867918,1.1203108891010272,0.5200810555938868,0.11952262871485218,3.9839269582676313,3.227412730935067,3.256375846307677,2.421537575033408,0.4574649512130701,8.89820138228909,2.178631915577451,23.83364151712607,22.566348414963233,0.0,0.4805152591797335
1983_12,0.041157077444690944,0.15104753071300203,0.0,0.0,0.043764112129904574,1.0867285875387542,0.12733934793460147,0.17223692698191337,0.0,0.029980011964377294,0.0,0.14604545689342943,0.003154078151694604,0.019592298459526012,0.4593905008429292,0.11432200755863309,1.2519713551581302,0.11922270017931685,0.16411023148039047,0.002560884302246741,0.0
1984_1,0.006635347654799836,0.0,0.1049821209557282,0.007380704940879237,0.11989110227579393,0.4611391494721556,0.5882828907419376,0.0587677943698755,0.04949312875898457,0.012647347985573498,0.6589323035044953,0.06281588919541053,0.0,0.134737336726451,0.02550673432215618,0.9125725063649464,0.031583891231249564,0.1426163466558757,0.09359631960773447,0.0,0.050779670170446725
1984_2,0.6189579680644743,2.263459118943358,0.019460048925479673,12.205929190182408,0.1653146434988162,4.157869095620844,1.288648678780788,0.922117549935918,0.32993472752475894,0.14518433309945988,1.9561413209152805,6.122494240692667,1.8587453500791977,1.793763844832238,0.9987518774988574,3.415565034323323,4.1453427325335594,0.4341953174335404,0.24638123063359854,0.016473595962198148,5.75722843099481
1984_3,11.002305085350404,40.0455066343694,2.7961968234409436,19.10411943127397,4.086686471733941,6.988858963135287,8.790286231861105,13.806978754819017,0.3511755168313574,12.702502826273275,1.2304084631494463,25.329470119367613,11.742488186661626,4.479557538068211,34.716881126455434,5.337548911517125,9.748493594094601,6.092320700034867,12.47146745085852,7.256213236343631,5.441333975566293
1984_4,1.6983148504095085,5.191692686372805,33.720879908484804,20.73915605234659,13.87843213068798,7.125917173184315,11.194982535067028,2.1566705322291413,0.31192977287138285,0.7346115423222661,7.448207798602972,40.27051509562044,14.632165144252902,12.834566353647467,3.3593057912396067,6.027882260431661,0.9814041927136228,5.072560985586018,19.037986592217127,0.0,24.450057363572455
1984_5,102.95168180357604,155.02073583342636,101.23179129942174,254.7268621104043,54.34211727129413,135.4582421139653,116.17959448559493,110.60986356928623,23.43503810547673,97.6966474501173,122.76341003338668,133.88407047149548,102.30740281283737,91.10673355886541,152.87585793231037,182.056420842581,89.56785914726676,89.04914676056602,103.78761745807323,92.45028290651544,142.94613414509877
1984_6,187.86561270431213,75.49646786910026,12.028907528159564,62.008588207143234,1.6891556741006095,93.6302403492627,30.80289057098997,146.90811366740456,0.0469309822835329,176.9562623751323,91.38276536990963,9.764268795848672,2.6625022433972823,20.351282986653683,112.29918018248362,101.38103791825031,141.94557386044403,0.2243445404977382,2.6340513273817963,118.74940807998748,23.961629264673796
1984_7,283.1979609528604,209.5559890749938,58.827558806010984,176.09035758185752,22.592904078949026,152.3096787676478,127.91919796704192,198.57025879164416,3.186184019770323,197.98824538097816,110.07295306847114,83.90119880686485,57.3935805980054,50.364746671327644,279.9181278894102,116.38905715367184,238.12010562252732,34.968110704164815,75.00028919137449,225.37742709767653,81.4583119534037
1984_8,232.04608976860524,93.4732680891468,29.8368080957383,77.17967748476715,7.243811029315841,101.78463806345951,43.69881927282106,171.8533355693488,1.8669187996311452,171.61045719895063,84.11982610770661,34.660128599884054,24.199771505592384,35.31375929117298,151.44107627017726,142.8116810728134,138.66485741168336,23.663538321602402,58.37593163765167,187.14530596346688,36.311302327405926
1984_9,91.38151905768846,170.8147961018429,78.84283098822885,221.00252333501203,45.41395638847028,105.00368904210349,87.1826762082722,98.9917045255388,9.901838087022595,99.59564694654986,106.67221720761779,92.65291382044441,62.11331951730177,64.40896811123592,176.77883157962742,129.4392903429886,92.51362493229182,42.0726076660625,66.13422254301858,87.30750719175082,102.96248731690828
1984_10,0.0,0.0,30.37613245475863,0.0,0.0,1.4853822545840145,0.09093966624611445,0.16641530197178855,0.0,0.1624024565725685,0.4016655575857447,0.4882099387245749,0.0,0.2519421564833454,0.0,1.2033159530458848,0.19794240883136094,0.0,0.0,0.0,6.581789585445642
1984_11,-99.0,-99.0,-99.0,-99.0,-99.0,-99.0,-99.0,-99.0,-99.0,-99.0,-99.0,-99.0,-99.0,-99.0,-99.0,-99.0,-99.0,-99.0,-99.0,-99.0,-99.0
1984_12,3.0465079859901616,45.69987856961088,6.023521784359458,64.31556027650774,24.660656598606195,8.524923297894091,16.986811760643455,2.119072382088567,1.977803167248949,3.5035925084431514,5.84317461339836,42.8819508646424,67.54458290067106,9.336090737361246,34.96892904915987,10.685923567853381,4.148352698348406,38.04582902252894,51.083023674331685,4.512744434883902,25.233993178451374
1985_1,11.844877932780506,15.192237532777241,7.263204919362651,22.228782206842176,3.2962508844679386,8.596268462135454,14.284729903588156,9.459043919092448,0.7790917564192844,2.954778501852593,1.065523000414697,6.601295785034282,4.090120672179509,3.423703307818898,10.796520437731562,3.3558075032323442,4.520444752236497,2.724450793545389,8.445718845733285,3.2207835163979084,14.373836676568008
1985_2,0.05126910659328579,0.20762250377929306,0.029337823642025224,0.7192827071386015,0.26272167582883976,0.5869558819221556,0.8973235127660596,0.19637628635440263,0.5261488794397944,0.4187090727415504,3.2826099094398256,0.1779096735844198,0.16652033532905222,7.125367764030556,0.4752128443044804,3.8540344477245387,0.2532942829560072,6.165566251262565,1.8737312969568458,0.008236392111066455,0.09321443355011438
1985_3,29.3174208365557,55.823512557910654,54.735179099834845,33.29740564536837,37.77767972047699,25.19779938046212,16.134037268287887,18.94952839482095,8.691961941168088,17.703087265765394,31.012507090917083,54.10527802891617,30.77232206251663,52.96827955011986,52.901788401308764,19.882449526192005,17.563838096771942,29.487190340145958,36.10502729699727,14.253885260740256,23.84619208251168
1985_4,91.48970702991141,149.71507146142642,241.4716008862035,161.7805151600353,140.1222320913167,133.79730454877412,123.37982173060725,72.93725538124146,47.45377127529509,63.47514008056403,141.23052831129968,226.11162104103292,160.27129667342228,112.49803315667316,134.08324733782453,121.05932017057121,89.05980912964829,133.1725349151544,155.95660061668028,64.07990603000249,175.86725088946127
1985_5,88.10650173172105,104.83297355928215,70.41555502294871,118.72478625383359,25.179170565538996,126.93752219461177,67.6619059054497,71.62806553059711,21.905572159373204,71.67901443526344,133.43679085558364,53.019071738127785,40.26895896300151,73.9840326352903,115.10254719629197,105.64520539741565,116.46917822116374,37.737748310047515,40.36348600318051,86.09369715600779,87.35941589272615
1985_6,80.1398529062832,28.678205769222398,5.558437114009971,2.4510018240583302,0.004762094526556524,48.38261309058426,2.500541295315758,79.60253523508443,0.009391793930263735,50.66783413604234,70.55370395154267,1.9464242393819793,0.44625849465931966,8.194186291433262,33.70792419761196,68.25338174634808,38.76070410555084,0.17746424364382227,1.9839087121177084,27.692027873407994,0.984418961905782
1985_7,285.41729491213795,202.49782207962352,203.87313438330136,313.88904248320813,128.83170217239345,269.613105927468,190.10823625160572,272.18144314773906,34.45125051456346,407.0012571430421,267.7266868650275,208.53661999295468,172.61434847575106,70.27985084379752,280.8976985734162,237.51233802441763,323.9993893220776,85.984098570818,157.7632067045635,339.9217412984248,277.31281588601337
1985_8,329.9129596615773,345.87160634392217,292.0848301463631,494.32481196166634,174.8439896766296,280.2767721293015,182.02313059208345,257.9619000647512,29.621627421110897,335.62343174528206,271.64678438804646,325.6353311730727,216.47603020945067,90.40249725029659,400.00290471547044,245.65880982757693,316.2508825386522,131.69325698183252,221.26632212408848,296.50926724731585,328.2072263186893
1985_9,154.42291616440525,103.5396398360654,114.2232479805251,122.94567219675965,59.21156104087869,97.81681620032867,61.23417973311243,153.35090114637288,16.501342455723588,115.94244981504399,90.23994935847256,129.5547057029755,113.08789124423302,71.28440074103624,119.29062270162476,142.87119653003037,91.28986413812272,70.5391781260595,97.08100795459411,99.27647228551022,90.55919346678458
1985_10,11.882613782425961,0.4073907587904327,0.4579701632517095,7.6890597355676835,0.8642279603649466,6.091367244452751,2.652527791600863,20.10738961882646,0.07067222030351168,4.723331075844371,5.331860830018368,4.765599995495562,0.6827762858392674,6.218104763430276,0.9993098468008359,4.747599584786808,2.8123119643936683,2.8787394169218405,3.8181024486160133,8.046947199604372,5.004761888773277
1985_11,0.4195686194810542,1.4005709697923125,0.028571869727161716,0.18056252763388317,0.26885006910952636,4.0288482232074845,1.1322175224715765,2.275134611271145,0.7243241411057036,0.2697696529173857,6.090048951127691,3.0183452964159194,0.29195403014909566,3.362274506545242,2.8402385247441764,1.3584440494330274,3.1162110439359854,1.1990754253642746,0.1695752552721845,0.07558046808243676,0.09930928827184043
1985_12,0.018277525243001344,0.09796241245554896,0.00011778304322996367,1.3701851612563942,0.05731643967439373,1.8589411122034005,2.4473262197095647,0.582378319996361,0.014989211467814147,0.6678048826990319,0.266183726543747,4.2212208419885755,3.574854595190786,1.2793732575244023,0.12774023124458558,0.38565064044211944,0.6195597213500151,1.3721705774830975,5.398065019970142,0.0,0.0987988309545755
1986_1,0.13239934814350024,0.0,0.3944431579173488,6.758430348012677e-05,0.23207963006242047,0.01541320820930283,0.0870321512411864,0.14922673983375812,0.008604199444885996,5.628990624967944,0.04964070172027531,0.14121275553751989,0.0034008125312880323,0.2986244992075592,0.0,0.6386044685427344,0.0,0.4963557344785104,0.3105877417574324,0.0,0.05562142579225157
1986_2,87.40417112790453,154.54584283551273,78.12173914376423,101.01608100638335,47.48692114167361,65.28220245022742,72.11664734204143,54.55944150262606,2.0587317167707164,87.96065895543344,66.30493770560787,60.42287851634797,47.67793934589923,34.72436729587143,111.84344761960054,78.88126099250708,79.51838730218098,40.13430651756457,67.16987849488956,84.0910652552891,62.087948973658264
1986_3,65.52528562686935,145.84346032576155,106.74614941627365,164.11739704941874,86.60578365513733,54.192684805370114,80.07859489058274,61.87833192086445,19.128473314450094,42.609928686523844,51.5479267536679,83.17225034340738,83.35822911309276,53.21631935518941,133.78147682522314,74.49098621041705,71.70558962918979,45.7662917993959,72.81547987019961,47.620991691930996,93.91479141916544
1986_4,192.2073772789114,227.17159502923565,162.7519810688446,225.30317766087597,114.82005188715088,77.86436095081672,72.8652158529662,113.32097127814511,106.282333447577,96.46910413405091,84.67210945648503,164.11168009570503,135.77656314602447,93.49704771973323,241.2264817555248,154.84875669100595,115.95510952267884,157.8852305077048,143.13353103887826,126.61452080796586,119.36719552334426
1986_5,68.44801632990905,58.75010325856242,24.53731014329618,68.13073277459905,23.938791754287404,50.387633436223496,30.896623315158976,95.10221804938638,14.292610404886199,49.658323275343626,73.17395058458496,34.07631229742193,30.94113579958874,52.16651449533051,56.15106951281727,82.3363927921681,51.936846913469495,25.429469134703854,34.06261859387642,44.02757970839779,37.69312357523537
1986_6,166.06873957401896,195.69776835815702,90.57912020553776,124.19572190291545,37.52270921531931,114.7353065202179,57.72726870614821,183.13748149316444,7.061192418911068,147.01728744108942,118.02647142959296,105.42584310081854,86.35581446374935,52.03267041568839,229.2478605732819,123.22236406897896,159.06051791820266,34.55672913244139,72.6268732730732,188.40060278092596,64.58956946136357
1986_7,182.67819252279895,204.8120554592329,113.1876664809665,174.98114132217395,72.83683360182233,126.77887800481282,87.1434720885429,192.1374508667155,28.601222396777523,141.68037433582762,113.62866017641177,196.08963909994563,123.4361498415339,71.2900197993964,266.9420239165366,138.0162639495734,180.69759775422946,108.25844805605152,153.51289519868723,143.92308893675576,96.95098404676551
1986_8,247.01560276001848,173.1296372401687,216.13848134028333,189.59873224776365,134.97195148119565,102.00406082409623,77.06944438679479,204.26351126982308,37.712456590098284,124.35436545834472,157.29832902130278,286.12230341783726,205.6179398335521,98.74890784981493,243.96198031069662,119.83001507070337,193.5221720450393,229.84663147276595,329.54892729948284,167.04689416961347,158.74611256725012
1986_9,124.59541744361009,143.32417889105744,126.68038230552477,142.47692173465015,61.64457913581788,98.9519038994013,90.00677419488343,95.93964329311086,18.769877818095452,108.0965621778566,116.28087994954704,152.3783272603594,104.47422902308948,74.1022497542418,141.71484789696837,143.9503487512625,110.87018499189043,107.01992413806465,147.55708622589844,115.50718474817091,85.83042708029912
1986_10,11.896718439030373,18.23955305031412,8.815944855271583,30.419018524322812,0.5158928891170526,22.419026400712568,13.498610532458141,12.792236495024047,0.015401338139200676,9.689924569874085,41.18873502445966,5.84867789588814,1.6064647936128034,5.104294313234478,17.68577196779837,13.369854478209843,12.113302107558276,3.8086290272337275,5.344026171677518,4.187137376292518,8.738372077494853
1986_11,0.013788423250660596,2.039031192820888,0.3095567302180418,0.34895474477858435,0.57836387314497,0.44011153697383076,0.8925784481488088,0.4864992382579579,0.6063052127868146,0.36719178978208333,3.0125628231468324,0.2558874255799222,0.34440653385554626,1.2062813458507313,0.8002136893815569,3.1260923836523675,0.6908204972437189,1.5185351385205292,1.0733100007430019,0.0007586064992128744,0.22161979879717753
1986_12,0.0,4.100704703282991,14.892425680510216,10.810242034804869,1.7118406214224728,6.622885446030394,0.9343389312355023,1.628491859144868,0.08855145448641652,0.38445489446161957,19.14377346113434,10.974889494849991,5.8544188163258015,0.1697451207969319,1.8439278763994762,0.8790902667944396,1.3469224738347452,2.3960541246495155,5.5968173699842545,0.0,13.608459229332302
1987_1,0.4517253063229159,0.0,0.0,0.2779060105662696,0.0,0.12312715861253573,0.0,0.07667275967018862,0.0,0.0,0.0,0.0,0.0,0.0,0.0,2.0823399712693096,2.034501757264861,0.0,0.5620482703927822,0.5025044235654419,0.0
1987_2,51.27238236826984,54.6245583167326,50.2933972812928,37.17012876291578,16.545568113429766,21.261850733500047,37.25044928840152,38.940834113722616,4.396983689025216,33.38792090613632,13.094084036353308,39.19079276000565,39.04787373951029,10.742045605522867,26.065247640539493,30.865170761918915,18.75069738237918,21.629251709532483,24.41144364627477,28.709903453818942,37.52343382613064
1987_3,202.4987016309182,176.42602857860308,194.4641421819858,181.4693383998379,133.10422259779537,120.82084844015371,119.51315722475323,156.51557423990727,16.89486713821342,138.4120468849757,114.33928510345685,171.14944393863095,149.7675233898633,111.5029497817666,154.88861107742954,86.55596664730241,131.5477327881626,185.66900986383806,238.39623634219458,116.5878051017229,157.61591121542497
1987_4,98.36233204693805,139.15823462652085,69.07292745340712,132.43107017299667,121.92996120431259,75.08031268808413,76.65654492430482,82.10082889108682,94.85859960164913,69.61717893339117,65.21142149109212,94.8163816979706,146.0405939867607,151.7757516667237,133.39969011426348,125.25093238521794,73.1377116636212,115.45466236505938,140.49148064806104,79.95956409215493,80.14005097512607
1987_5,183.5539382667227,298.0865482750988,263.8486011214734,321.95112464720177,123.24151595617151,185.84565790297182,99.65860864319602,156.69041000900938,48.76612422702791,168.81430492907853,178.08366865481128,230.8334102502915,166.34181816479872,166.89788574214555,289.40342190733486,227.4771247193859,157.04845995427493,106.25809262017127,159.15396310092694,207.66470655319395,210.3496173039376
1987_6,68.8339498582026,0.061553662487749475,0.020686148909859085,0.17805685565484564,0.09760333786622331,21.561748252538592,0.6715570896256127,106.25825442538329,0.33364580183656245,37.884555827308674,37.81322988500726,0.9117445971798894,0.15752904040330226,5.243214800312031,9.307130507604946,64.31132072862489,30.74508035232921,0.1768970826516394,0.027585780474261513,31.15271117469946,0.3908837970175489
1987_7,163.7022691035097,43.60207830670553,8.391298087547023,34.59721778833404,3.217301977202045,80.37736268402182,21.40651265586465,173.8141813857851,1.9951046059401933,123.67201104969745,32.064316639101605,30.820804807821098,19.354900023624758,16.441254460257053,73.13228657947509,136.61090128127566,100.2927250469611,24.893724199554935,30.519804289004423,127.98552758176231,12.22314705208604
1987_8,243.699285790328,167.53384354201046,260.7414464360627,261.6103678956282,89.56453910254658,161.6476022103396,110.59992522403995,198.30619060020902,32.676645966817084,180.07604016720867,199.6341708346804,283.607863109515,170.43127568708803,82.48598636423452,241.4378484407602,157.0544658026561,218.65765583621058,118.01663222543627,177.26317337181993,252.0006162007958,190.2824818100067
1987_9,99.75881494254706,55.91528546877764,57.79989264880479,69.24646043069119,34.85389587122871,60.25477486864046,32.863862237224744,88.7389938066514,14.039949889943534,97.6707244667278,71.81155378507397,62.776668667403484,49.35873863237641,48.19726284587848,59.384475231260424,101.35351837950611,51.52601776394754,42.39226695008922,51.98468646779193,54.77875119564193,30.151727059267394
1987_10,9.891073883960251,5.493837476661795,17.79927871742406,40.49267819003364,15.920007678160363,12.784431389109047,11.033809616626646,7.804164819838129,6.287657281429375,2.207934408068059,39.89454880384234,38.1811373418735,12.102697848131246,22.655979135905806,12.748348532227393,43.083375299322746,16.338656754931332,11.942705652063992,15.763961424298733,7.826630851416758,15.443285616460384
1987_11,0.0,0.0,0.0,0.0,0.0,0.1857836426502344,0.0,0.0,0.0,0.0,2.1334639088471548,0.0,0.0,1.1529659303803184,0.0,0.0,0.03762107019981194,0.355900306585957,0.02164630830165798,0.0,0.0
1987_12,0.05692014275544234,16.09283249192242,31.963178412346746,20.583597062289762,6.084718981422704,0.8346421308292018,1.0230033247290151,0.01398663874813296,0.03519235455463158,0.006049434112946709,5.403566597498218,26.22173417380288,13.0752047186477,0.0719364164929335,7.352506760293478,5.8825675666481185,0.265917892769749,3.3760272366339144,4.467796879268399,0.0,22.221154519883232
1988_1,2.1422414399006495,42.24201959573311,22.38990671693223,54.312493683247325,1.3466529153669242,21.20235415242267,1.4476576406619852,6.194956330701828,0.6539579662551133,2.566474612121629,21.807010003068502,15.316831864943113,2.790243572491505,2.098991427100207,27.620977747675134,29.195748785636805,5.535749771074455,2.3701595302758807,4.247145509434054,9.58096298903353,24.085350946287722
1988_2,41.299207168213364,86.62373127579637,73.84579115578353,122.51236404488002,33.7750722453651,32.28143074812208,58.597889506361234,55.44944854383461,11.986713893888805,29.875951217610208,40.53345785738426,82.15544454678647,45.41975734741522,35.162160092484136,57.90268061914692,48.38022269695614,34.51872751032485,79.58775193390865,96.88781392279667,25.736908153977467,81.25347846709846
1988_3,6.979719505227229,33.01175131580485,8.648753741724061,8.340627579288048,1.5238944612073893,9.729776418337316,7.738687160645471,8.934762045658022,0.030860902816220906,10.03487515729315,9.959943634843684,11.0989120889644,6.848749390797326,7.624787285821116,35.43129906507523,10.977856037206363,9.463154689298886,2.4801303140289988,15.348956929042538,11.229620219914528,3.743391973342752
1988_4,113.66051824396841,149.33965441723487,117.84144683568704,96.95559507146866,63.958291216910546,70.02835954991947,96.9533610068279,90.12833253732421,27.547457702962905,77.53608661395928,109.0530023309397,142.97238483074545,81.88422556045394,99.27337506401012,138.26697576219874,133.66635380081203,70.45228059613065,106.40278458861161,92.24563854542639,53.71521764721244,103.0057510410389
1988_5,27.444445616587938,5.27486701391982,1.7694489699008178,9.628829520662098,0.6514793089451093,17.16920187824393,1.500286951208597,18.36842877124555,0.4061199828499353,13.531172559130148,22.87486183457804,6.053007159309658,4.392885811384042,2.4222215315563482,12.195204037089653,36.05910526016093,10.835916341069735,9.61879110053998,10.729891979933798,9.371676812469246,3.1462190176459814
1988_6,114.20162709140384,6.355488079077291,5.705490380352147,19.23780376574853,3.8310415421587503,60.12873319348987,7.453447327218054,159.54120114880968,1.4722567710262908,103.78978381080549,62.2149067135597,18.272159747560263,13.942742870974556,20.39989881603202,49.943947351894174,115.69684806511229,80.18761874267796,12.459526579298688,10.94511210936482,104.668328847127,7.585608177757127
1988_7,225.15543969213243,199.63217254655183,228.70380285899068,230.59394372756665,137.19649250559743,174.63822617826628,137.07271694010558,276.3952210599349,102.19181849918782,221.80486672353766,201.43354887329693,312.6963819831013,241.63222651310068,136.0667115387549,283.04238463542924,186.96462130081645,248.10708258559544,207.07554952780157,267.70818169450547,227.28002385448244,161.016539703663
1988_8,358.9261969374366,283.06328061355504,330.77456392563334,337.54046260915095,145.44421869984382,204.19704192036235,209.7721506889267,260.09930128361304,60.43557900581977,276.4800559248489,238.95554847843462,345.10682911875904,194.90445892108684,141.9282167601944,360.53132059202056,242.26328230286967,320.8585890753052,196.04246163404017,267.9766876235987,334.223902060344,230.27506324318705
1988_9,211.31006939768668,127.94075749462337,141.0166146833826,195.2019675023334,116.78934353185984,154.8462772041272,92.91383794561023,216.46103724806562,56.798220523276065,185.04686640960588,182.38973513538735,186.74281689852975,138.64190913716396,135.95644625825875,186.55927149511518,198.02652526494686,164.7841891104967,87.58030900455412,119.62377848786876,206.35401144334875,125.58970218919067
1988_10,37.16865300429008,27.098859303336283,10.815502674258283,81.50384802419049,3.8211315147613063,48.09952085340103,18.751890128694047,29.943882572481357,2.5520370456985164,26.3725788522917,63.9699043573725,20.160985258027342,14.724080535310408,20.976952942413995,33.96424660259573,75.9005756953759,35.43306085159765,11.583639041509766,20.558981619741886,33.76596461314234,38.18110787986608
1988_11,0.0,0.46791410610503514,0.0,0.06770514170181877,9.009416437492794,0.08147330070897797,0.29672173115980705,0.08655759757449182,2.133777152622416,0.08497132032971576,1.1650092878567977,0.04188106671974925,0.5246076537093486,1.8809054034904031,0.3564543239470435,0.3636384338487716,0.21250768299234865,3.2263802278533116,0.8191854384123158,0.0,0.011378227716962954
1988_12,-99.0,-99.0,-99.0,-99.0,-99.0,-99.0,-99.0,-99.0,-99.0,-99.0,-99.0,-99.0,-99.0,-99.0,-99.0,-99.0,-99.0,-99.0,-99.0,-99.0,-99.0
1989_1,1.6066098532380606,6.5213039968392295,7.0358180128965255,8.679453469727116,4.950345487388732,0.15096818951474,4.672765428225329,4.343442119412738,0.11936099781252697,0.7410184449459475,0.871600264520631,13.571944844488478,11.476518420618055,1.1998054940438545,3.2181486243699484,0.5249459413124037,0.19616107173866373,1.0358057137265728,12.161140487992022,1.9538586178897324,4.31904899204696
1989_2,55.18313681181586,106.33694492238439,44.914197455115875,81.08785338879184,49.77668240152131,52.04785946136422,37.06758666877385,68.82385520820564,12.888252220141249,48.755492640318494,40.34928897181024,55.04121328385888,101.29818247530045,43.41040078144666,97.28478805033306,33.63733216597034,51.216218957722184,43.83037028131236,78.50500865566578,29.573071830694825,52.14198233978659
1989_3,105.35983911578484,195.69690062434643,72.0802190680031,187.6518967133102,45.33088556043797,89.83119322218249,110.3070463744268,96.06613053835484,32.54815673217952,108.55351394972503,84.43949382302058,115.71360561596903,80.79613581828244,104.05786173621954,163.92360044774884,70.16673702638344,102.1118727573453,96.7428915892195,107.73913615677235,96.98802672468163,100.92844496539706
1989_4,141.9800708928907,239.9574951052451,168.47563811643494,245.88587348069763,138.47162948120572,160.06762977429176,150.74532541467877,85.61744269952516,87.51697517274974,102.429951083453,137.01707767219452,144.89385594554392,152.3771177565927,205.3668787628871,210.8232117761262,127.14020648531154,126.88665681704364,147.67777942352987,160.1728589710233,110.77933471197692,162.95193415086223
1989_5,4.157546764241246,12.805732842607487,21.94451988918782,16.74074083716209,15.397608313295596,17.364065321471724,8.263613105196645,23.104789294880234,2.6931727208867975,5.813983743379008,29.65724535343334,16.92733737036622,8.36206382494205,13.30150432837355,16.12767243444736,28.47994307237278,10.795141882413102,14.979974770584537,17.909748146849843,1.284832266371031,15.493959738192203
1989_6,-99.0,-99.0,-99.0,-99.0,-99.0,-99.0,-99.0,-99.0,-99.0,-99.0,-99.0,-99.0,-99.0,-99.0,-99.0,-99.0,-99.0,-99.0,-99.0,-99.0,-99.0
1989_7,286.81171829526346,123.99645107566558,149.021828848814,199.453308885714,68.97670677751961,135.08570158023326,130.9381626737515,287.55839591586124,37.328160959809146,188.51651467938436,138.90506426349762,199.7008166681048,93.23944826562067,72.30292791658748,176.39434987124193,160.1199996948996,200.58243358975847,82.97724527763403,110.44107277858076,207.8104317213908,138.8237976497498
1989_8,330.7607622858143,226.28036553440896,159.06444677728214,267.1392398061028,105.55758826028175,173.36165803034675,113.39820493094459,259.4996890124232,31.00088364474322,245.54148832020238,169.84936596147,240.8822097265803,136.33502357253673,76.63218169150089,324.30215273085565,189.85323058906755,269.47164223042336,98.67868017170309,155.52550731799286,348.139206933049,159.58269964717445
1989_9,168.3736265788964,42.99925314444286,77.05048640997991,114.24452453717711,34.23192544947551,91.23955409360269,59.44867725674065,112.58883723908141,23.078701922776,117.31648183310452,106.94135919253353,90.99986675913398,53.02701000512044,79.19592810406398,84.53636119904911,163.06858481943925,94.62539339357319,48.047024854665736,59.53407690459152,100.85266024371904,97.9745657724317
1989_10,32.321370646947166,37.82314027265949,25.717505991724224,63.74252337673125,10.007211827934961,25.305936056538354,11.993375680005997,23.063905888740617,0.7587051816514371,19.74422612289208,44.660997345151415,34.66207118849959,17.429668358293444,16.518513813647193,29.1928133295109,41.94153652050332,18.76788728992289,1.7643414286734342,5.158856091533744,29.850800146417868,25.331083906854158
1989_11,0.4206940334836028,14.016586535283215,15.422389434750775,2.2948979135034016,0.48850039581456567,1.5058323529947013,11.294554998583948,0.7146354001799237,1.7427473109118732,0.09447863843204878,5.779775582929913,1.0306522954708552,0.15801045548795722,2.8633038208759367,2.607272735956158,2.91560777506843,0.49288257228065896,3.532932168515163,0.30445506117187177,0.0,10.294811276473286
1989_12,4.242691106339477,159.24638066233192,77.04351431781964,155.98522601650276,27.12615588945648,32.800849488366076,47.26533984631308,13.479767457666494,4.167546039870804,5.0667179513320715,40.27028106489518,115.4851764696545,94.709554646556,19.081739385062555,120.80279778788402,9.14522461856932,37.77782542626816,28.223762998874577,44.633647996479205,5.239660035899616,91.58437131083517
1990_1,0.03818010644386208,25.455374732169744,25.455566185850014,34.51152062099825,23.491478571935907,1.4617068667708761,3.0357244918571475,0.6080562367544985,2.7630112085870913,0.9926781796000133,3.3681454791255474,32.20828610645792,7.300935530214944,21.59969580157968,13.326781972148378,1.963439414371815,2.019818953460467,8.92673899534696,13.640731139363657,0.04297819535101993,24.633272283740304
1990_2,154.01454534944475,347.8005816619016,170.47377325852332,199.54833456184994,72.91056240922843,188.97582516678864,224.0254175183593,117.95026451724628,90.1760854153411,188.09842680229414,263.63287779377526,131.40039726926773,55.18290231356271,166.03693727024825,280.0371305128978,146.44013570241813,171.99544493205383,77.38577854866251,58.481642491083655,167.61798294100745,208.10374892289823
1990_3,74.49366653899305,66.45129003979896,58.52323730896959,119.83562819863903,37.71367171559419,98.95607695358599,58.03977312365036,55.705715099315356,16.183804782613002,73.31090207695703,137.52652980524093,67.45427247790724,41.16386937140116,101.94601065934471,61.677274611556825,65.79888610342557,43.959328479106276,29.852537336481273,44.465214593830105,74.2040812684343,95.11302219338357
1990_4,143.99745687664117,97.5805068367571,92.8252535038536,106.36706090178254,37.649852293683146,121.60437272802156,51.15291240049002,87.58857773898727,31.755178788709184,123.45856456359864,157.30663755143522,101.16019705015782,73.25997515818023,88.4115510546396,131.0999095607766,132.94866244820966,99.29772046885512,48.49379021800966,42.48811592302595,105.54117187209565,85.56335675195827
1990_5,38.86305132178757,2.6706150216342315,2.355274245883645,8.930455751718949,17.30861267609842,21.56092107095982,8.85772082472667,38.98626670879923,2.3490897049189816,38.5293794960159,28.494851512878572,4.6283840916672565,6.816071799884718,16.51416668965549,8.834296462211842,31.985005744493773,18.66298824360223,1.393225320422493,10.643310470672068,36.42505889476468,8.197278253296561
1990_6,76.29397572202507,0.2472597509749686,0.0,8.27912257691861,0.09425997695286002,23.706157868054877,0.48300172405130154,125.04567553741404,0.0,61.32288536468916,25.44931085340466,0.021879181299238097,0.029785898926839274,4.920246337800201,2.292095212100569,45.41819865750597,17.81038675305408,0.0,0.0029890241117649704,34.422776350109,0.9361068371285265
1990_7,274.6083159341673,191.55509390620824,90.52441747942346,217.75726300543778,34.53285900977571,203.2342827800439,107.0924694369272,245.57014881574662,26.63580431499586,274.2542200231491,215.60672213686033,166.2249195421568,102.17891489272849,90.00117024488719,277.9669134739906,177.13578753631595,252.09377912668185,83.79170331037392,118.29993533585571,269.67334623800275,129.53155688976472
1990_8,329.9167736548136,153.99058480280965,105.06227221512499,209.99138988701282,59.386537501725996,169.70324957732367,89.30275246439986,249.9638336811543,23.647670494319456,204.0331444183293,139.55183522571076,138.69017137584083,55.58336792059215,104.5357623972461,245.13535605221074,153.92637726283846,235.62214369285888,45.73648644946508,62.23254408167259,252.05206786404966,120.20705467212571
1990_9,158.61474912755986,133.34661467811546,114.50226187415942,177.71590376819137,31.711563328688236,125.8321075750952,89.90001456768626,119.63757189725845,19.56531050372468,96.49889433065871,144.38963226363953,123.10586835696907,66.89321650714139,84.1235173224366,186.11047505799263,116.38506537796447,132.3850391477142,52.80344611745479,70.04033557048052,146.0401736753374,122.73404448214355
1990_10,11.719691254948085,9.975306331396677,6.292767351514349,13.668761023099062,0.7379208894586051,11.072074847818772,4.36970617710773,11.18312300664413,1.8290181547368713,4.089690518270645,13.261285358621807,1.787274868767229,1.065233065908607,6.015186312890225,15.5032177978162,19.910087751635846,8.861845911055413,2.4183497065883945,1.6462726481900316,1.2224819372383517,5.417839269442387
1990_11,0.15684720651247203,0.4063932602112858,0.11405482589313687,0.055600512892042216,0.5606317613787768,0.3205894916992323,0.16250323639405737,0.15134072599020618,0.6892573396264696,0.0,3.7428573712752304,0.740949067180693,4.344800351751129,0.12538785060350557,1.1309596613396244,1.4219495674589016,1.0322748649907054,4.822997412254031,3.573765391972358,0.0,0.0036482443107970514
1990_12,0.006515148517834437,0.39152811855884606,0.9078578030763148,0.2279354421643756,0.025801078428543484,0.915976113993802,1.437337336537319,0.33380501398041146,0.35855303800797156,0.310980411977542,3.861068193552884,0.07308663834490432,0.0,0.46201134978107544,0.0,3.044147582268215,0.05588700396150649,0.0,0.0,0.0,1.3236029753839371
1991_1,0.0,0.06205263827836875,1.1669431585193444,6.2769287535811085,0.04800003565651599,3.0276846267537003,0.002920307284695857,5.897585968334557,0.8789431071645752,0.37657825607235307,4.678316650016402,2.246020662424343,1.707021228662183,1.1639835659677105,0.4333518176425678,2.135373417032278,2.6018644716581645,0.0,1.5868394584480072,0.0,1.8516114264914154
1991_2,47.73912203272057,78.34856451881116,35.52056889822363,44.79193997433714,9.018140338590902,51.491492494200784,18.020740385535948,36.66986017032841,0.12490782208071653,39.60995290929264,61.6778170314342,63.68758135064718,30.179695624072764,17.54275514442625,60.62772509665121,30.171787755912476,30.895981716550725,2.908933136154931,18.90546638901502,36.99039929540538,56.38928252507632
1991_3,127.07508497863029,141.59317343212052,75.04756176309682,195.06827588655315,83.79397287142628,105.89580287291587,130.56151634385307,94.29185111925635,41.924686826281416,127.93069745256463,102.75211073404334,117.53399857239653,133.97998950521966,132.36617290654522,123.9007232341225,128.00926727516503,85.54130780151644,107.19747398087141,134.36913095219893,115.50118081274043,148.33150652168783
1991_4,17.022531828243075,43.30037035933368,14.75318061054908,61.78170623122503,9.87350483853634,43.72217703669163,34.486861939180166,7.424816794476923,5.748436860919153,8.170225790720135,74.37148882542235,19.532551136345994,9.612898344112441,47.527663055851875,40.40566039958652,42.63350644443262,19.416327678602496,20.735582956521547,27.09677522120209,7.060494734218832,25.97462427897975
1991_5,23.331983141726823,18.990482618480694,24.451836951623214,58.16475751255801,19.630413323431704,41.73730655512304,32.54664079686458,46.7508593511672,6.545614530143448,14.96032504068051,88.19991830881821,34.06052626465598,42.73094889131916,43.650964529570516,30.6642121999634,67.12000443727109,29.66051401771996,46.19348653826079,59.32034416863046,15.637190211104478,49.06603731042153
1991_6,147.64287619558226,20.0958518109961,2.7812667567390106,26.66518658565774,0.7055849545465824,65.85761175387802,16.596333780642578,142.5435358948307,1.6657064907365347,93.49457796155161,56.71211908567303,2.8837434481476407,1.420442132969106,11.51578065330998,71.02601447088374,58.27341669165145,99.16426755089722,6.767804883304028,2.9318596289179952,72.5078302997532,12.334331772985106
1991_7,293.9472856233458,127.21659228022023,102.89830481311719,119.50693176795691,66.916084801723,186.76550868518527,92.69358488346406,250.89980148334493,36.03394021975686,249.37888120825062,186.76647895580732,166.79361744259685,105.50773565052332,82.9453795206846,229.1577078244116,214.10676066035884,278.38711054388733,94.73051506585777,125.99327684203968,274.66770122801483,119.75317579864357
1991_8,321.26553266542624,186.64632302328502,69.09325250653289,191.26167455347124,68.2457095445139,179.491110743123,107.09423930575342,284.0481466828559,42.78890050107881,268.68196903358097,196.55981165277683,156.77481643280072,118.95220718924838,130.23854237409248,287.18650760348515,134.17169727607865,246.2957045407073,79.05431631965116,129.73309257998403,258.4002387287547,136.84982878473167
1991_9,122.46937648918748,99.65743128572629,62.67299876055124,99.84429318134895,23.1664875112805,76.87584415280708,39.53398601213311,120.8054088726879,22.783649488596904,94.46030254428567,70.49026773374003,78.48780262865728,47.273848475002154,110.1138992941045,133.69073692388372,80.58959547281268,99.97296095177889,51.49282109216223,67.22659608284697,103.50819700103938,67.27213772954902
1991_10,7.905162737127613,2.16532185684357,39.48478120828137,6.659431325464406,7.163430162392142,12.976605805383135,16.777827228618904,3.1187004216336374,9.089275447605157,6.538466366533849,28.712367612690315,18.295736340045952,18.193151258329713,15.919322324498463,7.218481799161987,18.276956023423182,11.675485441851624,10.27338588059188,14.320152283777663,6.265159811888985,31.814585719760064
1991_11,0.0,2.063860935005721,0.0,0.0,0.02436654528243957,0.2006296870577206,0.0,0.05924330713919694,0.19361101966511754,0.0,2.360975404696695,0.0,0.47605510165104375,1.181040469786349,0.910310995231212,0.7794054296067309,0.0240548887846582,1.9424758515954654,4.2344547112620425,0.0,0.0
1991_12,5.514945705121147,31.876103521327686,21.113922501826682,36.901901807616724,11.419408015915403,6.307940353499556,21.525388760646372,5.215207378441217,2.7408591426683047,3.256367896261493,18.1031930202732,41.71583249002705,63.27757711058779,21.52772665678103,17.382741284665574,5.654623100971985,4.736005782737679,23.6494319339843,37.689714789200096,0.16740984488573749,49.47446806327196
1992_1,33.35161450412686,71.31462857096001,27.33359818394928,96.1607300916954,12.397863443041116,26.21716911337932,41.96414754798149,30.50062216818763,15.272771922874153,27.611551006886582,55.99439514017231,65.68252032420756,35.2634277905353,28.62986772145983,57.598388791386654,9.861933232190099,32.323595010352534,8.82340732861741,27.904571627626417,42.23302408543527,78.36292161276064
1992_2,27.734606953732968,50.78982322989606,21.281893527194693,91.37050347230115,6.269876004370469,43.40782698285555,62.706818137710876,70.45881174524565,2.646330365998033,50.168040776070654,47.73788129159584,12.82662113066627,22.560766151963588,14.353415743236068,56.72240824211664,36.6181717465708,53.165266539055224,30.324648869710305,31.38418262463797,29.878065363108888,68.23717817718017
1992_3,21.836979260509775,5.381244855394553,9.686671725548859,34.94586135263029,2.5056797425620148,14.55794663410108,3.7002301022821475,49.46490059477603,1.9167004199274544,9.804813071798428,18.256635270236355,27.427049138913652,13.400182812976585,13.453422893757434,16.250031171254573,33.086681587412066,22.07349615882302,30.259811497703108,45.77251330902925,6.587673264537931,17.651367368497862
1992_4,34.55879285800107,92.19246893151444,75.46795422562407,111.8480433845875,37.00091830169533,95.41943791934276,55.44942675378589,53.83046384517861,10.042591516821247,61.74146741205904,153.49472083242694,73.28394971423793,50.382124688027176,100.99510440038792,88.9726594724312,92.04120570321626,52.750592128934294,17.139020937226917,29.411474298236215,42.28327568903776,95.84756165408727
1992_5,36.12704514673086,42.731543096823884,41.12200190746241,47.34477461857439,14.091532404647301,37.751552048894666,34.32890927702524,53.16459092307295,3.742673894034418,35.37265064559306,54.52622183489669,30.30010177093247,18.58805919837557,56.517328569652335,43.241410379206144,60.81523992733824,31.92103519069612,18.9827567100765,17.950501013114454,20.653062115943886,31.40266653429445
1992_6,107.64306720329635,15.70746655508895,14.596645315045212,25.211998554462006,0.800565223663871,104.6671542478011,17.45228513466757,133.1747460617709,1.2805054248745675,106.67032577906267,62.69994454707797,8.09158114315832,3.4588564537396764,58.23225765243859,64.959442884321,89.7603654336146,96.97150964965158,2.5230060305871156,3.5344536465627554,106.18851929703193,18.52382999521444
1992_7,232.93810291952,232.52159824775538,120.9507716037371,175.63258651223518,71.42594492141961,156.56835279464977,95.38117541115969,253.9251147777872,30.71671459137403,250.32649642589985,147.15050582341073,170.8473708479843,110.39432084883845,89.54295668194591,298.2333740469624,177.3490656605554,221.74727198402084,80.13199966764886,91.07516816236325,242.48681686320873,118.97671581735092
1992_8,306.548379921008,151.6491205723499,184.46299259206475,348.7543896470785,135.53067310454807,226.79789226813068,155.61855956145885,336.3443303063704,70.63970260974587,326.1981401622,226.9908455726973,221.0456043306146,176.74647844670764,197.8888992531979,261.7167993977016,260.84064254674405,266.17918466846487,129.76363862743844,192.04286770479675,342.16348780930963,229.49158421131403
1992_9,137.96475874293395,31.1778646280082,138.62894681585473,150.89574726770553,57.01635827604783,125.8830429064971,78.37577925170574,106.72149825937856,29.898380937895517,135.5134893650078,150.61478210820428,101.4814955570343,108.16981971547548,129.78031850313147,79.25314997339912,164.30190204766825,132.6390943758381,51.36853448130432,92.08720589304028,152.1280511348953,129.92865569065077
1992_10,45.68390466640028,7.699136475443615,52.31661327290924,62.57547738630656,14.090706579167009,62.45554658817616,32.68589301504964,44.72688123979196,11.512370457381284,39.22271784242572,123.53363446224554,35.973604901000115,21.072728082885853,28.65247718256854,20.815821543244162,96.47211151330461,37.700691147616624,13.211240279847052,24.472468650628976,27.60160849343372,53.106763400107795
1992_11,0.3332567592299258,13.360480616847141,21.814017113790097,22.040118934945752,1.9012525231932302,14.964583512642161,27.44799126422959,3.9929650252767503,5.085505768424084,2.9786830846978587,20.22458857427966,40.040004636006465,13.742505963648496,16.821303686872056,8.7833339974974,12.49723367220016,6.6023869380533355,32.843799058981695,31.47772692463031,4.644194919423759,13.393257446843487
1992_12,0.8525341457521007,32.70851317891009,54.86607841282054,44.03107635754346,16.728787644155332,11.451612943898954,25.702765813927225,1.5417885051513365,1.9215284237307018,2.109612826771726,33.87943733927415,66.52562205228328,38.681756437521486,35.323155389711516,14.85059089782874,20.018437080620554,4.990968027157329,59.23971140280083,59.13769206211909,2.1516454833204812,28.791695901771643
1993_1,15.601620876751936,47.12544355698369,53.306001460527526,86.64354690374128,22.501950532246692,53.43348330042424,14.54895669108993,10.151380684459095,3.3153440261147846,17.253368281674753,153.91721490737575,103.23795063081448,29.120627609916124,38.289227260928484,28.67336804297802,44.206355738566955,20.74866211728115,6.584786364233128,27.43437405149665,15.016536275302345,56.62940761519429
1993_2,72.61534904132884,118.00588116751888,67.61654718336717,57.923875722322876,44.85430355371012,66.44498871727914,73.92136369648445,75.03288242986015,25.022601755460617,74.46617325791793,75.0034651480961,73.53140069543032,77.94821106245652,72.5867521074482,85.72333883024142,59.147521139660455,52.955857058613326,61.00090069166727,78.89741483875275,63.15859836601099,67.13010521888624
1993_3,4.084315660650655,2.915589866138873,5.678563344421984,2.6350661284497607,0.8451264292136215,2.338035372236302,1.128770695654872,6.962819433376987,0.27672038570207,0.6957762262412691,0.0,14.756541035097648,6.545338895522739,2.0251575268775923,4.0607790192537845,0.0,3.1378585837877195,14.605888960079486,24.431524618040832,0.18409607242450268,2.4514696568794108
1993_4,147.32780141398433,274.76031584824614,179.7065512776666,267.5942871768792,100.93967998161004,171.69357427276915,186.2179146954353,150.60247737594716,58.507382553051286,143.2658438055967,187.756038801103,200.3807873909442,195.8179992922444,169.87638480473848,258.1280816739387,136.0613746086055,149.25080376309324,151.4005123793077,168.13678068943364,131.74757801562347,234.40346369904668
1993_5,69.89135658893778,207.20681439615424,124.84963374387685,209.88136239323936,53.42208132927295,96.38611046050065,92.89989898195046,121.09723977574473,27.925333406546088,71.88774253205744,122.83333170956574,141.96624458457018,96.35246529324043,76.17622761963736,162.3563809158077,150.23583838781914,60.7521485021482,52.365340819987935,88.78182037048457,69.96945332529961,121.59750890622072
1993_6,133.472391952649,20.254356761790383,4.776087513759278,11.957265273104941,2.3931628840826202,69.65772203313493,5.54997764297697,175.65573958507122,1.0648580862803414,86.93270010176616,41.5259183359285,2.823887455683877,1.4181718415544646,18.482118139455686,41.124438582098286,82.29603576339258,65.69808140191026,0.02313861896199859,1.0008176404811784,82.19583504053871,2.802033630716388
1993_7,260.1266598274205,254.8595818850369,164.69603615121719,292.9858076637567,83.56027724188034,212.16973597110763,206.90657956010136,301.5620168333847,55.91584354034231,298.267760710567,156.6905718807289,198.9666826843862,137.30744928178495,88.32817898764918,309.22257622458574,178.60186030268918,280.23715601174666,93.56883146594285,135.8736269036605,282.76787718450083,205.0161948997376
1993_8,319.1037895883847,129.5775351126832,135.21221601639013,157.64909746439938,63.52953149542518,178.0511274985123,81.50513891146413,315.1560671994237,17.407057922935326,255.88054677687157,155.0787052930809,191.79927486307173,69.24599640440827,69.13519596939992,252.45018568729688,188.7819419412113,281.5704056082137,57.25540922789692,72.02275854913002,276.5642958135399,108.96880085499735
1993_9,175.1295599352767,104.08496951813926,82.23224244534377,113.27991152219525,31.282446622552907,133.23539810358466,57.45848472602597,194.53413098537504,20.419238903098112,91.78626197036654,130.52516879797085,101.38424016609166,72.9952120178769,84.63046257278317,180.81526129936648,134.68773499937976,227.30272978296384,67.47628326143777,83.40534253039607,137.55462822397266,67.81517851501057
1993_10,29.72516197771815,82.90052618300462,36.745106831368936,112.85454056468676,24.716624298622158,47.93699926391596,61.43133690386247,56.67468515703533,5.266000104377267,46.3972590699578,111.0647625744167,45.958676371736,58.509311927192236,44.33931278943171,68.0080710993136,97.80920249527713,57.02599410497199,27.591507855758096,41.83625680003575,14.227697319946524,57.748692757255014
1993_11,-99.0,-99.0,-99.0,-99.0,-99.0,-99.0,-99.0,-99.0,-99.0,-99.0,-99.0,-99.0,-99.0,-99.0,-99.0,-99.0,-99.0,-99.0,-99.0,-99.0,-99.0
1993_12,0.829165457438557,0.35334234962505223,0.02389762253112444,0.0,0.06693682996397421,7.833749277143908,0.2770029334884951,0.10891680342217414,0.004087762742529405,0.1902618436132158,19.420989624686936,0.016870965762645903,0.029798757792861813,0.1314310201991584,1.0729185647263644,1.9996110859358953,1.1560209452869645,0.10669059925118146,0.3202724387192764,0.12694919318016348,0.08640541527974624
1994_1,0.0,0.014634758876948668,0.24048677257838083,0.007380704940879237,0.19453790288335474,0.05440625285785437,0.2620939079623826,0.06019205110840341,0.18751718440358253,0.0010849930821273132,0.04989470174195886,0.21087064815058681,0.06010763104773204,0.4891386483703056,0.0,0.046736179035354174,0.0,0.3729074690109782,0.4321248287818518,0.0,0.1087959362444328
1994_2,0.0,0.0,0.0,0.9925534088578126,5.508063172744445,0.15344928762735416,0.0,0.04716896801620503,0.0,0.010720197786473899,0.06963049941356889,0.4062631172886879,0.38396091459666,0.0,0.0,0.0,0.0481097775693164,0.14626914730746732,0.18515345157541388,0.0,0.0
1994_3,48.08118041662142,131.49657410524944,31.22055339157444,106.24986616689661,53.40390421454608,38.932550279538304,67.76845684898558,57.24422637942554,48.926587733675056,33.90056482594925,38.63962682198826,45.03915024741715,50.234635731469574,41.778074269092144,113.02724220596585,51.854924692957056,34.88911616275841,68.22965353800909,66.40732744642982,19.318600015736582,62.686558706578595
1994_4,59.278558250498115,70.30076913003077,39.5817414416503,52.63247559454802,27.857607771594925,65.11798055816841,42.6273561172144,61.084869101221166,10.866531396853722,36.01372941927096,101.45540545487822,46.37112086510184,37.297115432450944,49.79317427623742,74.5997852617141,90.99189561309717,42.93250764965296,23.012987068103282,31.45378934458336,37.82735368932465,45.74228698078543
1994_5,38.05662486907342,31.307370478671384,11.613971370857216,51.43784233401634,4.73760641131614,74.19320352502558,34.391919753347885,48.223982285071926,8.346653879067155,32.241140812442026,122.74135631718568,26.136001504685602,16.507513043482298,44.42657015952152,45.55910558178787,98.92619777931496,48.86404301483633,6.08606940363249,15.863155249373351,42.50089297019504,29.27262512698854
1994_6,132.05448893465643,38.33086651569312,5.119808226599117,63.229767907078156,3.0225005438541093,94.32636680227876,33.97584481256748,176.06599225767454,3.971601721380651,139.90100281589736,133.90076781179485,20.140553421825345,18.55641004390549,18.655385455175065,64.29708155425199,191.43114076380493,92.12753931917321,4.913767532170516,9.353118190559444,112.65777594686688,26.66204817211737
1994_7,300.59317634795207,298.12676240299095,199.36366481146138,314.4772589358593,170.08839325029632,277.2663338601459,162.75394045885201,279.6589990845111,93.38432185569435,245.22610694851568,322.6462841223354,271.3858279269068,276.40018855452496,214.32752582059246,321.71070626290674,212.95709872478503,280.63322548942654,205.68256045880852,279.1076944834446,276.5367681422569,199.1844246871129
1994_8,246.7222768545188,205.7997986182924,225.85010103838084,285.86926176686615,123.20811002106515,193.38937199231825,129.76521981815245,265.61196563488323,60.187382292249495,161.2973013908046,226.30909186365537,316.44642675580917,214.58317875074096,132.19765424067444,255.60954511866348,160.21759306188812,256.26839523536955,168.01112011928984,197.09388256971783,166.4158630432393,220.2179037938052
1994_9,134.02304227772993,221.87876384454782,120.81700185450778,188.9068847914759,76.53383879007131,141.64225580542532,136.91878253159706,163.82004750107058,34.73055492783915,146.29213075444835,142.81417005006594,127.64544836359535,103.3874961576348,114.32962408193644,211.0828069662518,103.63432708762969,139.34578930699055,90.29950695031748,113.25205513407265,143.54092749208849,133.72131399146556
1994_10,0.5081728097353705,11.142681448568945,0.28586771863789096,15.669009588915701,0.8006855372511548,8.0658682867506,2.9737938598410674,0.2727470940148778,0.17340777263671192,0.4324940822244025,21.840610872304,2.7993844712939313,1.4804256691387385,2.053890648265168,4.138427657992914,16.877432757162364,0.9165463904080997,0.08533672029745298,0.8674767390390644,0.4472232871901275,1.5927373233007018
1994_11,12.820312593526936,71.26742556459622,27.602709623148737,74.46325237068997,13.803216699742869,33.13846078195006,30.59209461162115,14.083247344663016,15.238795454185343,9.465203135620673,84.15497991616128,26.949237629694366,27.164828952047667,37.70934017387059,51.713646348390164,42.774327713957895,21.704019178989334,19.383602829977587,24.423374203297897,23.923486569433273,42.3849236319562
1994_12,0.0,9.05481223769722,0.0,10.095673942121865,0.1960135064448208,5.216703976758887,1.0771418145856562,0.021810476018641008,0.12815930505375234,3.050062226616283,8.750283593903683,0.4583493697796279,1.4681171213404454,0.03822611803262004,6.412875704600636,3.9085291666221034,0.3132632091426077,0.0,1.8207753767766288,4.507766812526946,3.7272587272254083
1995_1,0.0,0.0,0.0,0.0,0.0,0.0,0.0,0.0,0.0,0.0,0.0,0.0,0.0,0.0,0.0,0.0,0.0,0.0,0.0,0.0,0.0
1995_2,44.05341897557233,68.31715202798817,63.55171223686389,55.61359812678145,35.81018691553442,27.56103737108686,45.56446457668424,31.407722470381053,7.422640858578132,37.82946931808358,29.097702629232707,59.90277810902399,38.11130807215632,28.554363557572284,48.557071322604,31.125239816254368,28.66226024655294,25.752488593564454,39.64000010536314,36.32015760425228,79.04004400445722
1995_3,63.63960106925816,223.53894341550472,42.743518503765,120.1276091400985,60.84195931879584,104.02876641053133,101.11567926568948,33.90477355557876,27.750072539380795,76.3947941535668,120.62152622470379,72.32683937467108,78.53017751464473,111.63936281268505,182.3651061440962,96.75025833111722,74.2800810374238,79.0300320526715,100.33883280763962,66.35035307154422,86.147342910158
1995_4,137.6068127442801,173.63834513816218,90.25090470632848,221.36999196383738,75.16692888369948,115.96615327875189,94.65254504600513,148.41204124841255,33.97703260192681,135.39206081067908,133.65583239637652,148.41414867312503,131.83564843181912,115.5289644127028,180.66236939939702,139.76053242328777,104.03894798252611,154.18405213023254,178.6755316429314,107.43381292845703,118.26877719054602
1995_5,54.314264683646044,50.91556400206749,31.56903587546466,79.76168101017066,24.056436860537758,45.12929962512168,33.94032453560736,82.8747589813742,15.487508119728034,53.211047867852386,50.10631784492727,44.505730083755736,48.619275334468874,32.82838836887709,52.21678691100316,65.38637464096071,31.993213094920367,52.80239565523241,71.8329801426847,23.980510630719635,40.866804018771994
1995_6,80.51576336485702,27.697118987390073,25.044750065673515,74.27110127352611,10.234378982649329,42.78523227149558,21.638917347724632,85.92844955411917,15.231388575815593,55.272131894747396,48.10333741974481,34.127172665302744,24.126124862288012,13.981272863650458,34.35860531940978,68.00327448096981,37.178970285925296,15.144548108900265,22.401015200675353,45.12456337977234,30.399653775031346
1995_7,232.02158089948415,227.27866686017893,178.56045845887118,390.8193531710453,104.30748659062759,161.7113121683294,142.2698931777322,220.26491008858517,94.41871594044478,191.60698053350276,163.84617837033468,258.2920668381023,192.04285401268524,115.2597839409767,255.90220538591086,171.28138337817614,211.3455144458637,188.58646638340616,211.78546538520303,195.13951383149356,230.47906703171148
1995_8,252.79110887237212,330.10579958000955,260.12669994501755,466.83326644326354,117.86708955645861,201.01770864406961,200.1291786008951,228.87273288220146,67.98900035620942,153.4276611317519,186.88530785134444,280.83857399025027,247.00156831067383,124.71157730829327,353.4075834811212,228.0154038057448,254.83078321480667,179.78177726771438,252.41568019668742,213.4845486321559,320.9529071252098
1995_9,100.51697535170938,113.34898733183545,129.37894518081816,157.58497032338303,39.831055163058714,100.87342523930992,101.31996324610114,88.47711111793686,12.730291701674378,85.74180197954381,74.34383706236164,103.2520585607951,81.24090196661425,52.25637990456895,105.6473844211173,82.10192452902298,81.9405869163328,49.42353791591689,67.98669156679635,89.42824570051023,129.01183282139382
1995_10,0.5281157657346689,0.4271705619416439,5.020967051341014,2.1547445593955317,1.8329253287343172,5.847444009375067,1.8022675594170698,0.6823525320609793,0.2754875014705196,1.1290150592093313,27.327596108809697,5.64687947051961,9.956694442870523,10.120504995995187,1.1551072948076444,24.437972219683626,0.7638276462479812,12.58252300452731,24.2035034382288,0.7465164031781137,2.540888401433453
1995_11,0.00304876541869985,4.535495813019929,0.0,8.132114401534446,0.15432937794993812,0.4061601178952043,4.949103981586058,0.16519263119409122,0.4347824219136167,0.03252630789246477,0.9220756749380901,0.046455479111793936,0.1378141845141449,1.4372256032828867,0.3741863874358464,0.3741827195219763,0.1837537112233075,1.1732480160341625,0.35311963801611584,0.061070255998107885,0.043500160930381435
1995_12,17.34546983468116,51.288159186845505,36.27591851411278,62.43087578429871,21.07707688446842,13.90527463881513,39.38055348732558,26.18544647606355,0.42589530050135926,6.588557565051746,14.669026195227646,56.85940800954279,36.492839762601925,7.034700113738018,27.755422678518535,22.525271603286384,3.3771635422479234,64.11679147490754,60.294239486872726,1.0015235094035608,50.05097113741086
1996_1,31.761289235129674,51.56037262962439,43.387917227911416,92.05373000445988,13.763572936376386,52.291066167715705,55.42297361359243,37.699041213356615,3.0028061930941155,38.227218627842284,55.29494978917554,49.33463298560434,46.1155618388329,17.14938124146691,13.957769012519444,33.33286473809212,30.567876124822646,46.92436470952309,40.14217283775617,49.135545720395164,50.89808682768336
1996_2,3.9327308787347603,0.0,0.0,0.0,0.0,9.534739602921194,0.14278538758088874,0.8023524791595942,0.0,0.13673705024362534,9.96360515728066,1.56473229926729,0.8692268408820123,2.6375425212405075,0.0,1.8588670384952608,1.0492924820403395,0.8087193488756461,5.024920301789609,0.00422127572281482,0.0
1996_3,100.70953259510418,140.4192127406308,152.63317940810185,226.4784857886041,134.91346836895144,151.7809122964172,155.6932044085889,105.44024596640182,49.8494784982968,95.30976944947794,139.89513213949306,207.05622031753828,183.243895437119,119.79616766016994,114.24729227162963,120.2692202886114,120.4283537628166,107.675528627529,135.94807531788504,96.47626443264984,189.1866492568273
1996_4,74.89122534544721,70.67930564627424,67.23903711873012,130.51446681930355,46.93959169861608,95.27327147383126,64.17909095480137,102.61558828072896,15.94528317813958,58.98178390652947,125.46492368452753,86.44926285718985,78.6882975592897,88.03724517931411,83.51739040741779,79.39128275843117,57.46349732468509,53.94197607955963,56.53906356571873,45.51984252366061,63.59062359264445
1996_5,107.12720849460547,119.99448221919056,126.74417262579225,187.25165372254878,67.39699086520355,138.4103940618173,95.39667206657728,114.36391623991857,36.26437085277137,99.76465706038732,153.82906142728518,154.68074542810666,92.27756950720944,122.2827388592401,131.85005841099533,179.5919919613503,115.64505953320844,59.43739686447093,85.58094383823806,128.80791486326828,144.41543631250647
1996_6,237.22530770927355,48.01713442270043,50.81138261112287,90.71520025847657,9.99501660927472,97.01183614182425,23.23259084780276,242.17253156363978,11.37844592859613,190.67964900863024,108.90791914178284,46.045278445609,18.62581355810883,51.313695140475566,111.97678000420716,153.9656316968403,130.27433586957383,22.54324425035671,21.226055804355237,187.3049712652038,54.293882512894804
1996_7,327.94011760654104,287.6663389711005,226.71380767615454,460.20676056845747,84.11058658017069,193.99812033514237,187.56925192902278,289.99574810637483,40.81376400107247,233.68993451393834,175.68565913941205,218.08149506753446,135.1055352913924,109.64735854700012,295.52117535912816,145.37976007325005,312.07801103580874,69.59196872958067,111.36918082415731,258.43764232401753,285.05921579175197
1996_8,326.376959882063,193.71904765091946,250.64632106738523,355.97142931769486,95.23760140081029,198.81312377430078,141.96868967284956,313.2732296710385,60.22024202021435,232.95578145264784,250.44324111984957,354.0796646680596,198.83433241506353,102.02842863683024,272.9518036518333,186.60422683560074,242.1710886738991,130.3874603585559,188.2329939202939,233.30875567398536,249.10600254566208
1996_9,159.02307591809176,72.78291877646782,55.589501060559606,62.12935814296459,28.259343465606438,104.72247263828501,66.89779404008964,214.64139265533004,11.61801806353284,119.52210294264688,153.46121134324648,78.26598094669718,55.10953095246376,56.97640731284358,59.36528330321455,178.6968912934097,58.14099650075351,36.53408370843957,49.59853510927341,85.97561222070419,41.91481873674701
1996_10,-99.0,-99.0,-99.0,-99.0,-99.0,-99.0,-99.0,-99.0,-99.0,-99.0,-99.0,-99.0,-99.0,-99.0,-99.0,-99.0,-99.0,-99.0,-99.0,-99.0,-99.0
1996_11,0.16541047435248452,10.424923316496027,52.56126160645977,42.54901482777276,4.81991316708956,21.398595601712703,9.407650202048343,5.591383737883932,1.642006312298842,2.335104979851732,25.18477525811973,59.47450522908229,21.609450831176083,6.818518607446887,3.0575318277819616,11.271693401200116,8.201399067153352,21.953613227314914,36.62003812923393,3.0429534616071447,43.30691952631507
1996_12,0.0,0.830660650868377,0.0,0.0,0.0286982529349382,0.11231444437292062,5.302872231241396,0.10621611780922194,0.0,0.056962489005119674,0.016522198756948877,0.7073644623471126,0.6984106023920585,0.11602823598082772,0.11628288662131472,0.08441084432116408,0.12027185953101724,0.014598033714359537,0.6722950150800858,0.0,0.0
1997_1,23.68791644890688,44.26248534656352,29.959249714144633,30.846707425518865,9.590706474889362,17.71822292117732,1.8235595693175923,18.81198471053909,3.290551058387193,17.469301202400818,6.509462115329288,36.20939660968872,20.566117298902704,2.4695157245268042,36.645624902515024,35.208144658320414,20.667982150313495,12.943568472998395,15.578683396985022,17.81910797111512,26.90870344555554
1997_2,0.0,13.92609579214415,0.0,0.0,0.0,0.7277836492747196,6.914190731514896,0.0,0.0,0.0,2.359632216044057,0.0,0.0,0.5837735110999209,9.927631692680903,0.0,0.3111351952824044,0.0,0.0,0.0,0.0
1997_3,29.47070535599606,74.69049910002543,65.66859186564353,143.51913565507576,43.015801368197224,55.51374981562424,92.8286092432594,20.21563039035432,27.42099761308922,38.533650017990304,48.403313505463515,78.88460318713557,98.08107138277553,67.48976921139153,63.212968614735296,53.534281204625835,57.86855331757915,64.39035641634334,88.2887225067356,43.44827415768892,105.84309514528415
1997_4,70.04812294427079,63.16468267948272,51.02778227563744,97.9685349946183,32.04932883952876,92.09719673619793,35.41825902801001,82.5985908228732,12.09458926430269,84.16556193066407,104.14994744764768,59.4681767599847,50.70451678749192,70.15327930044936,117.19079182528098,92.37773151480135,93.30344343941162,57.321729040383076,71.96514011546077,51.713999127580315,62.02660030853895
1997_5,27.61844950066215,3.4435874247473826,3.8993806206228356,25.69978399227764,3.6922450527424586,42.28473727237684,10.497684978807149,33.58617961844763,5.232559896227682,14.158730763931409,35.55100496330711,8.989406649987584,11.757603802082516,44.93450757514252,10.071037000335682,59.94030469022349,28.209935974005145,27.077733291079323,29.03411425947755,12.960218373435575,14.351610995097223
1997_6,100.11513984023294,59.88394228670197,35.44990638936277,108.65930001343978,14.09516031070014,117.1494012322217,33.594206629052024,140.66379882298895,6.985353571561994,151.34924375120508,84.10762153140843,59.46261566379801,37.7812745304494,48.911682069794125,99.89494760626467,121.69260490641004,128.67281350258563,41.9108335343144,54.91393528846203,120.08522542238637,56.73939452101414
1997_7,228.91267000002776,189.9725443558816,208.69415601478542,269.6888088572683,127.28392764225326,198.3281273773235,132.22722275277593,249.72472048200981,32.65994932626153,183.5275078937655,220.4082226845061,256.00320946590534,136.73189003076595,112.93597637340126,207.24313166399634,235.63114701331278,202.8448177123984,81.0333827342307,135.97271125673927,191.18318842177788,214.10348214494238
1997_8,192.00145549379852,229.6623350047333,216.62266644296318,437.01828314830294,104.3789847856903,138.91401498908255,145.077019655485,210.91036946143853,35.512123447299004,154.6086597651941,148.12768527569523,210.96331613105653,135.0538783330106,85.17360599716885,260.0201193895317,176.80447829148454,199.33328983945324,91.51681559219831,148.5052976683332,179.72963378609026,266.4911281913375
1997_9,79.30233710302208,68.42845033408454,39.177625388853755,105.455540220487,7.893366412630358,63.29576726739414,36.41206825956372,82.16771419180506,7.384675300369947,63.983247733897976,89.51282441676007,39.41533296387642,22.264250813370268,30.840966065616968,69.70359516378677,128.79906001754654,54.11999855971285,29.09519958492325,38.29989814610627,68.90418658754066,51.183948793330124
1997_10,93.3098843882413,330.1262683414999,205.69329697180896,455.13039168258473,92.20417682841936,167.80743187607578,233.64168669844716,64.69483437223738,43.480483063282186,46.01889576638073,190.58937313820132,175.74433386409248,136.81060582688767,155.168528278368,309.2737461472109,162.13892779548846,135.8056046426129,76.62692641110245,127.59222445972192,70.82043423298202,258.66490773062776
1997_11,34.382572844945614,210.55931514463427,52.463379533802375,350.7193705586663,49.93171910985441,83.05502473551802,113.085271189294,43.54501993381559,14.642898376576198,9.258640625234,138.51086385102707,92.90496247588744,113.00087951073537,54.681504308680864,157.4952799987471,83.92561439128791,54.98787563861793,52.58396779047013,94.58499987795577,23.799754653805394,107.583880617674
1997_12,0.06246705124887085,1.1888578576983706,18.49844127001916,0.2190946382489105,0.8038875277713728,0.47647849471825643,5.048712896325032,0.8036616109674889,0.5397047117155872,0.21084935190918305,0.7728504186199286,0.7983813547433086,0.43998971558647765,2.9296102659548713,5.0327356665719405,3.2222130012312693,0.9030969150741782,0.6177548461549883,0.8499564642290047,0.0,2.813034880951019
1998_1,46.741376850596325,117.4582664277831,18.2102556161279,115.81085062028234,17.671388333846668,45.60012863421568,39.696457602894874,44.25660469927729,2.9667487632331255,28.67842203494743,85.86041418819967,44.091731900297034,39.146278990465035,34.357139229637085,101.30690563294328,52.43214814899969,31.497536480560083,27.352134197284716,41.0170653936184,31.048146979843743,51.24308592353737
1998_2,22.962182648067348,94.77198738471299,24.22644661549093,66.6022827137713,25.972103600864383,28.928244834137463,20.404641216435476,32.4087884512609,6.5954277180178025,25.052211295621063,30.66398191953896,45.38841880807551,70.71327373381902,27.578591494349865,76.9162481829507,52.91248825537752,32.648726825534645,38.98469693156376,48.33196245850996,35.595437873804826,41.848742350461436
1998_3,36.62067621075588,140.93421861731926,74.62148506180614,85.9027556238186,52.57228531897982,78.59576190642176,54.36289526984277,50.682892620059604,37.498824810053655,55.126957665060154,105.9494713717354,44.68148436623017,40.95481542331914,55.33753791492643,132.40813886029528,58.75557260920433,81.94702778745787,63.03930619559523,63.96836937420141,38.36554589054263,81.81344491032188
1998_4,65.17907503965688,54.24408710357892,88.95251503223268,110.12972683728748,26.931013534415026,42.472469944489866,39.176375045672295,75.50643265463405,11.317138133460206,67.36694165793425,58.10701965978038,79.35518961827732,42.40778472298184,36.69339386055986,71.88047665753925,45.92990690038326,34.78609960981386,40.157746958075485,55.42730822081436,50.24261318527829,79.63701598585033
1998_5,137.81143181826712,35.62608243625657,41.64861557389632,75.21485267554004,11.569264570845025,59.38653447361194,24.543308544030154,113.13545833989596,14.443099269859951,66.99700027145911,74.89625666882786,40.84094228178001,23.200645150984695,52.31882861027052,49.38947213466391,79.44397009544211,42.017840881550754,16.212213809337904,20.930692216250936,61.826343237218424,56.40684327789308
1998_6,131.54476712801429,17.764625870500574,6.430648264413764,20.8721887588537,2.1292436958153953,48.73270506528406,7.643625553417322,191.64196360816686,0.6812819674088447,87.65515879540943,54.9374445440611,1.3481106609390505,0.04091572493808458,10.942207915685072,46.18092635436679,88.2163466750588,51.57163168338361,0.5343284068279582,0.0214258972907015,100.26188450287083,13.92380327353054
1998_7,250.38821373325118,208.43967574882274,324.7776985854667,448.6772803226576,146.9606772377976,169.99320496732963,219.32013639068296,303.10968964130194,102.98706860046573,224.9541997847994,176.65901836495192,406.5938539972737,207.48277270799753,124.10360097580453,275.55383702328277,208.35286319014946,223.74211472746654,225.32461075875887,282.79880872884803,225.9513815653803,327.6103166474043
1998_8,309.1619161866365,259.80766874905044,311.45222903654195,384.9141267906402,145.8680795341281,190.01423468859565,200.03256698823475,305.1239462806661,96.5489299318833,260.0727554731673,259.0172580249407,329.58320370574785,144.3828366824604,136.35404724486025,301.9904589131844,283.7353538546781,247.2739529040449,192.086916194071,197.1368866387503,292.935740541094,293.5818192407231
1998_9,143.2983670617834,186.9784834784608,104.14996394860749,217.9532782343179,60.33399262708788,113.05243787143333,69.54511312407946,125.39136582963442,28.98862207639713,83.21572302314327,167.04781682676648,113.48763981592928,52.41022180441309,123.3607131856276,215.75615294151316,209.67322009644863,192.39184945257927,53.37958209607387,64.68618294010915,118.08567864890082,115.14865343654333
1998_10,64.88368607240228,70.27422531669905,22.461932263604623,42.30995348454884,27.46093179982481,118.46391102713012,36.31842306799145,51.13130118037298,16.908327191435287,75.06091768984858,138.54752864513176,44.47455128345518,16.520679852816144,45.62288314178186,103.38722581787187,150.2707634251907,102.89440050077557,26.429780195387117,36.63189872790736,115.63587534443016,25.829472604891958
1998_11,0.28334376255128324,0.0,0.0,0.0,0.0,0.7441930928652056,0.000644806895534237,1.0607517950479246,0.0,0.009679094580714734,1.0947253048062828,0.0,0.0,2.1753186017777013,0.02465871257272989,2.333787052729492,0.0,0.0,0.0,0.0,0.0
1998_12,0.0,0.0,0.0,0.0,0.0,0.0,0.0,0.0,0.0,0.0,0.0,0.0,0.0,0.0,0.0,0.0,0.0,0.0,0.0,0.0,0.0
1999_1,3.678096201691545,31.948985031432414,51.36871454024637,44.11090793041581,2.398411844075406,7.89552889560925,3.05196386439013,7.504065386881689,0.24671173421623815,2.784923743003729,8.483064325765792,45.96516567984349,11.040367779503741,2.953137761973282,28.118524437635728,3.2956186619762393,7.884853695645325,3.5241058298851433,11.719529487108133,4.619534891663222,33.749225919500056
1999_2,0.0,0.0,0.0,0.0,0.3426305992073621,0.004040795349604559,0.0,0.0,0.0,0.0,0.009537769484564949,1.2600779368097046,0.04397231284672127,0.5586350230469926,0.0,0.0,0.0,0.0066939952322332495,0.029438003521520914,0.0,0.0
1999_3,39.45400190081477,91.22976950171756,79.78597374745662,122.84563061851611,50.738077514761414,72.77325171268097,74.10916114022594,37.50112908348568,30.5292442698917,29.66104242812303,127.71472642351982,49.03877548278228,24.592051448605265,72.5587924075281,61.867728243537506,64.21349893578297,44.910988229097235,40.768558343089865,28.94425978579149,23.999237374303537,102.50539429047585
1999_4,13.26627726402152,19.45606624816669,96.16246352325676,26.853412941732067,15.034741717462573,9.634439498931041,14.610662759799238,15.021629717787178,6.9469428320626525,6.54226337366923,15.19959809263361,26.942313062872778,13.384928716893564,27.873417663810606,18.67252762625435,20.315187389633003,0.9994893826022581,23.46329581608212,17.06271073023022,1.9238529994971107,59.82904272291012
1999_5,24.34113094397551,3.736992027615044,2.3592179465689544,13.314671280094114,2.0226641305645408,39.83034110324768,4.5550823564378735,56.67912799521321,1.0222509806103308,15.962385918257562,50.1728770624918,7.442725958644678,2.816515110404296,13.375172568712902,14.488283609006334,86.16377477918164,14.240237146634778,2.3084348817545965,4.548186520484256,15.08779519199056,5.102476060490007
1999_6,111.20307494631349,27.450172371390632,28.365568785237254,57.893249427856084,10.223365705605529,85.13737573115901,26.909776058536924,158.74663412033098,1.916560086703363,107.82572987657394,76.28077552825728,28.911022484781267,2.7607001130051536,22.12380893153271,69.6595882164932,113.49381702052283,134.64831492081936,26.51288711587992,17.491442853809424,102.01769819376904,28.34842007328235
1999_7,277.0695802036605,214.28072573750447,300.76192752139025,435.9041113269917,118.06722691805516,226.96678519531451,232.80438049697216,272.5566421326165,36.43090454710588,257.3755350475325,291.865436640987,332.7766558410881,165.45153721714883,123.29362590981606,271.416415251257,234.4771824284742,261.092955606611,129.84830139675293,199.27433571284766,343.18097836526914,357.11189360626275
1999_8,288.8839233063172,283.0823561719805,619.7937115233678,416.2906085473435,132.37830669237934,192.00583355068312,189.35560378284927,273.82726409446155,66.39281702187347,211.86366505761112,235.79688609760996,371.47735039663627,157.78000038224852,144.15876501095235,381.03255568914597,189.83677793695654,295.9843569607812,177.7212293493118,224.19222460399175,292.1672001452083,430.4415516118878
1999_9,86.96369788161165,50.01882578819129,115.8629211523558,122.52584995595282,61.744203229716284,88.08910848098031,48.23387573773613,124.91829627959031,30.678537987802304,64.82787702682889,135.52506849968887,109.5767822880919,57.37641094505364,63.74677524692892,95.02085157039078,115.8467043047662,99.27024976571245,61.14428112095697,79.02333987437706,63.146088325767934,76.65966839233963
1999_10,88.15103108455658,175.0439755869487,101.00613147402194,212.0107196798194,49.04463261992,164.51624127807563,152.722617982997,94.88362773932182,40.78188838901125,114.71689073143652,244.69371828247566,137.5222515749688,63.2328819595247,89.5863224755732,167.37062710107296,210.92679336963664,100.132004573521,54.596187385308866,80.94073653702176,93.45044109080779,130.35627177371933
1999_11,0.12828232729098774,10.674600686946002,4.066629662499159,15.546877705077167,2.0050092021718466,5.515898324568202,7.954585268493253,0.03398820400161197,1.1604127932409594,0.08055823577455941,15.976279512331084,2.6603288508244347,1.183783835172653,11.610066804708907,8.293010561290334,5.409217501212661,4.907718868014912,0.0,0.11404034850841328,0.041184395775527995,5.293635054277208
1999_12,0.0,0.0013014102946447988,0.0,0.0,0.057879984202236306,0.0,0.2940669569736894,0.006568098525759033,0.23246643893413382,0.0,0.0,1.108673478771699,0.5002559041289409,0.2686854194726064,0.0,0.0,0.328985361551361,1.199842763778847,1.8150131243749799,4.925359303865247e-05,0.030372103694454755
2000_1,0.0,0.0,0.0,0.0,0.0,0.0,0.0,0.0,0.0,0.0,0.0,0.0,0.0,0.0,0.0,0.0,0.0,0.0,0.0,0.0,0.0
2000_2,0.0,0.0,0.0,0.0,0.0,0.0,0.0,0.0,0.0,0.0,0.0,0.0,0.0,0.0,0.0,0.0,0.0,0.0,0.0,0.0,0.0
2000_3,19.199274887027318,23.001339510004062,0.3163218416395615,13.585695017818747,12.011892901250771,11.115650678315026,4.288851332467746,7.236530415215212,0.9604005594089549,7.244653095133782,9.624022598626556,1.3987096762829754,2.1572949036233284,6.938547084514054,18.433126135687065,2.5298659689478664,12.317156143827683,0.7640636745699259,4.906636477529477,17.052717833713942,8.436944216778071
2000_4,86.68282647851393,56.567802550588816,64.09750443059674,109.55754105011258,30.352063218631088,59.82608391528984,53.78843207780499,96.28932270144792,37.42342317514064,78.50926747703363,99.47889135583334,72.72956948238303,39.305309878876265,63.765362787725756,84.68281095982907,78.78963831370831,58.011852852429485,47.104692904648594,50.32601180339955,39.29641266865097,79.98253367602324
2000_5,66.52443568528585,28.70247723701285,66.41052318119124,59.000324913598455,34.812445395343595,79.7202018661617,40.42748972244318,78.73575893383176,2.807166950466385,67.58420488433184,104.31618006987561,84.52713552390864,77.92690190602359,40.25310150401295,51.87151272589101,135.8882419280732,57.3126140831222,37.80848422701952,58.887945107171305,45.052410141835665,55.27399253551718
2000_6,103.8426916721423,9.622600632972892,4.725274838154934,20.392447890222943,6.098989871662384,57.624789859178854,12.590603414003029,141.5972951011195,2.000611224725941,84.35590306100272,66.88806558672783,9.472354364720738,18.789337108532084,17.624919352037058,29.12374089174959,131.80513194902593,57.751505484862,3.5385276932949035,12.747084186477274,103.31587684556636,14.805179562907057
2000_7,226.09373344190294,137.0684768814274,192.50656329022476,303.59650657115833,109.8093453740833,183.63585801442434,148.12908394910264,242.0974522478571,51.42088762656094,215.97251374452964,191.09884887612228,252.87991391721712,175.48740909528786,71.96403831477966,199.96234784385703,167.5228659364836,258.25188772431,134.0171846790456,209.91185009732504,265.2589259849276,229.9879059213091
2000_8,288.5179473062299,280.8631232406284,322.51028505970726,420.38197070493453,151.44079131396364,197.40231723719052,214.4447138737217,258.2929603899199,104.50457441427153,181.37556291464244,252.1287282104995,371.1767871952596,189.67663466635202,151.279425929445,323.8677583726393,211.34730804056863,285.5842161457017,217.24442026249486,251.87830320808246,231.7072533455538,325.60919975865403
2000_9,162.42823178217765,106.1317420734397,88.2218502006508,199.00823455536556,52.41475849939448,113.62098416468008,73.74904375763631,161.2057783997755,15.376087558077693,147.4864863424108,113.42489122746551,133.80418718753668,76.83707121780807,97.92060558653208,151.49280226229212,181.81498354255615,116.51741659350147,66.51654573036721,85.84376306254525,133.93940891729375,99.68097429108752
2000_10,29.95246019245928,57.11005638454038,52.921085513737225,126.71214918199142,40.43281220705724,71.75729211067956,55.71103182835868,31.551561242469855,21.80067076289244,29.85379663855321,151.35313608812388,53.23093934304117,42.47179132864658,42.49902814854171,48.3216738701552,106.8731197800536,31.782842117842012,72.3168690780127,79.88015063229886,20.446383056734703,96.62224268442145
2000_11,21.59295220044576,145.71439300918513,49.936126995334774,157.60621687672042,22.463035499835538,35.991639405056645,84.02158431886919,24.75386608150431,21.951505508036732,37.15022270250652,44.19140858125631,32.24491702949453,44.46496793185137,36.672763997721155,98.57617337530465,33.19265904250624,27.935512231875936,30.51111663830417,40.873998540672524,30.540785241025187,81.39248082905897
2000_12,1.5634033977037176,36.28588769061156,39.92279759735445,98.45971389895487,9.265057393599813,10.267148326293524,23.464526407211725,12.173737352162117,0.2555012434591266,1.396019096737034,23.1511054264648,38.97599163576555,39.2132471770536,4.258068772991402,23.62571105375164,10.735486588278684,7.809208908163049,12.447444578116624,49.928704333398045,1.736296889621099,65.20278011664097
2001_1,0.0,0.0,0.0,0.0,0.09508978611913438,0.31878932137306015,0.0,0.023355586480127415,0.0,0.0,0.0,0.014370965945661668,1.3426524641721795,0.0002221861734987704,0.0,0.0,0.48492991588205947,0.0,0.17532310236931345,0.0,0.0
2001_2,14.498618229770775,14.751924551467352,0.05097362361334708,32.16220702013364,0.05238815163624932,13.055667744456182,7.863132338314475,3.680785498550273,0.0,23.586769030675487,8.168882481066031,8.023976234905394,3.6950086711495964,1.210265816762795,9.401254898859262,10.31749840586327,11.282465024920153,1.4046511347859338,5.730440047867874,23.181107346670707,8.444283523498822
2001_3,161.1459112923283,209.95054897676982,122.7080230824325,247.0013083844642,123.65214200849618,118.90157138045011,120.72070816844969,123.7953863636612,35.81563952667367,146.85695431254493,163.7540014416325,180.5197041022879,148.9170706617069,97.83661456620116,209.31188826861947,138.2474018483271,124.53372413502997,98.47242404450498,126.12971193951691,118.24420628368831,153.99557026356007
2001_4,38.3847384763615,9.006707254344512,3.2832729720057734,14.123906816170711,4.5146903394385465,39.453670638490856,4.782573175686998,28.345318091842422,4.063832602553855,36.68549449550759,63.705788452732925,13.338379509139422,16.7430436036137,26.863929830010445,24.9662919414905,35.15807300922535,27.021390778856883,5.427017728614176,10.676045474364715,30.313171430584198,3.1788743411654417
2001_5,124.50590914193488,49.56772581627244,69.871765938857,64.76693695173158,14.86119987752256,86.6738578070483,45.84168632797105,111.8550110710763,5.694241439402292,117.40690048766741,100.01826269999398,65.15843039341091,46.740970505559,56.85956268993794,42.27724464319175,168.90786767438226,54.865695366967536,36.59552489630108,46.30873094899094,116.5260889126006,64.09335521416303
2001_6,172.71882597194477,16.068230136170545,4.622485197427556,21.55533406648324,4.358186534500265,79.48330139330658,7.063776076818727,182.5271014125353,0.18926606945877142,157.62726191557746,107.16620019443998,13.82928953002502,13.99352244557498,17.783130041525723,60.97637196987986,170.3405955950853,109.72119212345855,8.580582634268318,24.420720303385426,138.09175299037705,9.09291987623864
2001_7,299.8112435863281,195.47588286532604,324.12485308740094,326.6875805924261,123.88348346382783,213.89463755066652,160.07072768582634,288.50053049173465,52.29566149153044,240.90834228823235,205.74906791805995,362.3518170626643,182.88431960829297,103.58943599880276,304.68488471792233,210.74033946512748,286.11221285473334,159.93000175444735,209.68465290297596,268.9556432016863,303.27722130047977
2001_8,226.9574340747507,186.01236684313488,194.33731668629517,307.8855667825858,107.19400590143334,197.12172849850688,149.353483082664,224.1287575422418,43.1636318046229,170.3563284655923,311.76937603569985,289.94931890200525,160.06288994815,172.63271970538165,232.73394362779277,230.04280758367705,196.74867297323047,165.58402882073136,194.00311933468998,204.3177552096686,211.42280303261137
2001_9,78.32233472759262,28.40164714412537,32.2890199701644,74.59505729962218,35.180032244753,74.37136788021722,38.860542841226604,67.14021651954161,24.785400631162503,53.47268111389415,95.36489656904868,59.72718292096759,61.72241791728461,62.23738980048229,50.82418729181436,146.61010278712868,57.45023998015796,68.88499017938382,96.23028262386896,58.00048565854097,43.29286704572471
2001_10,6.554699707834807,3.511936442182381,0.012294816469553719,7.642063296155488,0.2682243966606103,9.340894612182865,3.753444899488509,15.869964129000113,0.17181049972903617,2.477196480118946,29.96621261050701,4.027524753761151,7.875956402007561,6.8527848440377905,6.481607441251687,32.2948149754978,3.7780693159865155,2.7871688136126247,8.583264196231275,1.7170517876195839,2.5460868828905117
2001_11,0.0,0.0,0.0,0.1389364707873218,0.022164510052726245,1.173167391401444,0.0,0.2123431463902834,0.0,0.032087994865599496,4.412977578779831,0.24293225217940886,0.009284993080976545,0.17458146433386698,0.0,13.022297302150484,0.10657918449029011,0.22485850836003368,0.15321624253982585,0.0,0.0
2001_12,0.21953364496030392,15.06911337055586,7.427551869680294,21.593678368953633,2.2473153828757493,9.586711597179557,4.12666031318448,0.04240849628394784,0.7838109470527452,0.18667045295376433,9.126184488037703,13.144524091663346,6.883464787057296,2.8617965396380214,8.792135164119903,2.878479260178338,2.4295797352758535,2.190376771374301,7.5085161937235085,1.5238321417759164,9.467859710702262
